<?xml version="1.0" encoding="UTF-8"?>
<update>
  
  <name caption="升级补丁名称">bilibili-plugin-patch-2.4.zip</name>
  <releaseTime caption="发布时间">2018-05-23 09:36:12</releaseTime>
  
  <steps caption="自动升级步骤" hint="
        1.升级时根据升级命令依次执行
        2.只有四种原子命令: add, rpl, mov, del
          2.1.新增命令 [add] : [新文件/目录] from [补丁包相对位置] to [应用程序相对位置]
          2.2.替换命令 [rpl] : [新文件/目录] from [补丁包相对位置] to [应用程序相对位置] (若存在则替换)
          2.3.移动命令 [mov] : [原文件/目录] from [应用程序相对位置(旧)] to [应用程序相对位置(新)]
          2.4.删除命令 [del] : [原文件/目录] from [应用程序相对位置] 删除
  ">
    <rpl caption="替换命令" from="aaaa" to="aaaa" />
    <mov caption="移动命令" from="ddds" to="sss" />

  </steps>
   
</update>