{
	"0001":{
		"label":"耐毒珠【1】",
		"comment":"毒+1"
	},
	"0002":{
		"label":"耐毒珠【2】",
		"comment":"毒+3"
	},
	"0003":{
		"label":"耐痺珠【1】",
		"comment":"麻痺+1"
	},
	"0004":{
		"label":"耐痺珠【2】",
		"comment":"麻痺+3"
	},
	"0005":{
		"label":"耐眠珠【1】",
		"comment":"睡眠+1"
	},
	"0006":{
		"label":"耐眠珠【2】",
		"comment":"睡眠+3"
	},
	"0007":{
		"label":"耐絶珠【1】",
		"comment":"気絶+1"
	},
	"0008":{
		"label":"制絶珠【1】",
		"comment":"気絶+2"
	},
	"0009":{
		"label":"耐粘珠【1】",
		"comment":"耐泥耐雪+1"
	},
	"000A":{
		"label":"抗粘珠【1】",
		"comment":"耐泥耐雪+2"
	},
	"000B":{
		"label":"忍脚珠【1】",
		"comment":"気配+2"
	},
	"000C":{
		"label":"体力珠【1】",
		"comment":"体力+2"
	},
	"000D":{
		"label":"早復珠【1】",
		"comment":"回復速度+1"
	},
	"000E":{
		"label":"早復珠【2】",
		"comment":"回復速度+3"
	},
	"000F":{
		"label":"斬鉄珠【1】",
		"comment":"斬れ味+1"
	},
	"0010":{
		"label":"斬鉄珠【3】",
		"comment":"斬れ味+4"
	},
	"0011":{
		"label":"匠珠【2】",
		"comment":"匠+1"
	},
	"0012":{
		"label":"匠珠【3】",
		"comment":"匠+2"
	},
	"0014":{
		"label":"剣豪珠【1】",
		"comment":"剣術+1"
	},
	"0015":{
		"label":"剣豪珠【3】",
		"comment":"剣術+4"
	},
	"0016":{
		"label":"達人珠【1】",
		"comment":"達人+1"
	},
	"0017":{
		"label":"達人珠【2】",
		"comment":"達人+3"
	},
	"0018":{
		"label":"達人珠【3】",
		"comment":"達人+5"
	},
	"0019":{
		"label":"研磨珠【1】",
		"comment":"研ぎ師+2"
	},
	"001A":{
		"label":"鉄壁珠【1】",
		"comment":"ガード性能+1"
	},
	"001B":{
		"label":"鉄壁珠【2】",
		"comment":"ガード性能+3"
	},
	"001C":{
		"label":"強壁珠【1】",
		"comment":"ガード強化+1"
	},
	"001D":{
		"label":"強壁珠【2】",
		"comment":"ガード強化+3"
	},
	"001E":{
		"label":"早填珠【1】",
		"comment":"装填速度+1"
	},
	"001F":{
		"label":"早填珠【2】",
		"comment":"装填速度+3"
	},
	"0020":{
		"label":"抑反珠【1】",
		"comment":"反動+1"
	},
	"0021":{
		"label":"抑反珠【3】",
		"comment":"反動+4"
	},
	"0022":{
		"label":"強弾珠【1】",
		"comment":"通常弾強化+1"
	},
	"0023":{
		"label":"強弾珠【3】",
		"comment":"通常弾強化+4"
	},
	"0024":{
		"label":"貫通珠【1】",
		"comment":"貫通弾強化+1"
	},
	"0025":{
		"label":"貫通珠【3】",
		"comment":"貫通弾強化+4"
	},
	"0026":{
		"label":"散弾珠【1】",
		"comment":"散弾強化+1"
	},
	"0027":{
		"label":"散弾珠【3】",
		"comment":"散弾強化+4"
	},
	"0028":{
		"label":"加弾珠【1】",
		"comment":"通常弾追加+1"
	},
	"0029":{
		"label":"加弾珠【2】",
		"comment":"通常弾追加+3"
	},
	"002A":{
		"label":"加貫珠【1】",
		"comment":"貫通弾追加+2"
	},
	"002B":{
		"label":"加散珠【1】",
		"comment":"散弾追加+2"
	},	
	"002C":{
		"label":"加榴珠【1】",
		"comment":"榴弾追加+2"
	},
	"002D":{
		"label":"加拡珠【1】",
		"comment":"拡散弾追加+1"
	},
	"002E":{
		"label":"加斬珠【1】",
		"comment":"斬裂弾追加+2"
	},
	"002F":{
		"label":"加爆珠【1】",
		"comment":"爆破弾追加+2"
	},	
	"0030":{
		"label":"特攻珠【1】",
		"comment":"特殊攻撃+1"
	},
	"0031":{
		"label":"特攻珠【2】",
		"comment":"特殊攻撃+3"
	},
	"0032":{
		"label":"属攻珠【1】",
		"comment":"属性攻撃+1"
	},
	"0033":{
		"label":"属攻珠【3】",
		"comment":"属性攻撃+4"
	},
	"0034":{
		"label":"爆師珠【1】",
		"comment":"爆弾強化+2"
	},
	"0035":{
		"label":"無食珠【1】",
		"comment":"腹減り+2"
	},
	"0036":{
		"label":"食漢珠【1】",
		"comment":"食いしん坊+2"
	},
	"0037":{
		"label":"攻撃珠【1】",
		"comment":"攻撃+1"
	},
	"0038":{
		"label":"攻撃珠【2】",
		"comment":"攻撃+3"
	},
	"0039":{
		"label":"攻撃珠【3】",
		"comment":"攻撃+5"
	},
	"003A":{
		"label":"防御珠【1】",
		"comment":"防御+1"
	},
	"003B":{
		"label":"防御珠【2】",
		"comment":"防御+3"
	},
	"003D":{
		"label":"加護珠【1】",
		"comment":"加護+1"
	},
	"003E":{
		"label":"神護珠【1】",
		"comment":"加護+2"
	},
	"003F":{
		"label":"防音珠【1】",
		"comment":"聴覚保護+1"
	},
	"0040":{
		"label":"防音珠【3】",
		"comment":"聴覚保護+4"
	},
	"0041":{
		"label":"防盗珠【1】",
		"comment":"盗み無効+2"
	},
	"0042":{
		"label":"友愛珠【1】",
		"comment":"広域+1"
	},
	"0043":{
		"label":"友愛珠【2】",
		"comment":"広域+3"
	},
	"0044":{
		"label":"運搬珠【1】",
		"comment":"運搬+2"
	},
	"0045":{
		"label":"耐火珠【1】",
		"comment":"火耐性+1"
	},
	"0047":{
		"label":"耐水珠【1】",
		"comment":"水耐性+1"
	},
	"0049":{
		"label":"耐氷珠【1】",
		"comment":"氷耐性+1"
	},
	"004B":{
		"label":"耐雷珠【1】",
		"comment":"雷耐性+1"
	},
	"004D":{
		"label":"耐龍珠【1】",
		"comment":"龍耐性+1"
	},
	"004F":{
		"label":"耐暑珠【1】",
		"comment":"耐暑+2"
	},
	"0050":{
		"label":"耐寒珠【1】",
		"comment":"耐寒+2"
	},
	"0051":{
		"label":"防風珠【1】",
		"comment":"風圧+1"
	},
	"0052":{
		"label":"防風珠【2】",
		"comment":"風圧+3"
	},
	"0053":{
		"label":"採取珠【1】",
		"comment":"採取+2"
	},
	"0054":{
		"label":"速集珠【1】",
		"comment":"高速収集+2"
	},
	"0055":{
		"label":"祝福珠【1】",
		"comment":"気まぐれ+2"
	},
	"0056":{
		"label":"運気珠【1】",
		"comment":"運気+1"
	},
	"0057":{
		"label":"運気珠【3】",
		"comment":"運気+4"
	},
	"0058":{
		"label":"千里珠【1】",
		"comment":"千里眼+2"
	},
	"0059":{
		"label":"治癒珠【1】",
		"comment":"回復量+1"
	},
	"005A":{
		"label":"治癒珠【2】",
		"comment":"回復量+3"
	},
	"005B":{
		"label":"博士珠【1】",
		"comment":"調合成功率+2"
	},
	"005C":{
		"label":"弾製珠【1】",
		"comment":"調合数+2"
	},
	"005D":{
		"label":"回避珠【1】",
		"comment":"回避性能+1"
	},
	"005E":{
		"label":"回避珠【2】",
		"comment":"回避性能+3"
	},
	"005F":{
		"label":"底力珠【1】",
		"comment":"底力+1"
	},
	"0060":{
		"label":"底力珠【2】",
		"comment":"底力+3"
	},
	"0061":{
		"label":"持続珠【1】",
		"comment":"効果持続+2"
	},
	"0062":{
		"label":"強走珠【1】",
		"comment":"スタミナ+1"
	},
	"0063":{
		"label":"強走珠【3】",
		"comment":"スタミナ+4"
	},
	"0064":{
		"label":"装填珠【2】",
		"comment":"装填数+1"
	},
	"0065":{
		"label":"装填珠【3】",
		"comment":"装填数+2"
	},
	"0066":{
		"label":"増填珠【3】",
		"comment":"装填数+3"
	},	
	"0067":{
		"label":"点射珠【1】",
		"comment":"装填速度+2"
	},
	"0068":{
		"label":"早食珠【1】",
		"comment":"食事+1"
	},
	"0069":{
		"label":"早食珠【3】",
		"comment":"食事+4"
	},
	"006A":{
		"label":"皮剥珠【1】",
		"comment":"剥ぎ取り+1"
	},
	"006B":{
		"label":"皮剥珠【3】",
		"comment":"剥ぎ取り+4"
	},
	"006C":{
		"label":"耐震珠【1】",
		"comment":"耐震+1"
	},
	"006D":{
		"label":"抗震珠【1】",
		"comment":"耐震+2"
	},
	"006E":{
		"label":"跳躍珠【1】",
		"comment":"回避距離+1"
	},
	"006F":{
		"label":"跳躍珠【2】",
		"comment":"回避距離+3"
	},	
	"0070":{
		"label":"抜刀珠【1】",
		"comment":"抜刀会心+1"
	},
	"0071":{
		"label":"抜刀珠【2】",
		"comment":"抜刀会心+3"
	},
	"0072":{
		"label":"罠師珠【1】",
		"comment":"高速設置+2"
	},
	"0073":{
		"label":"体術珠【1】",
		"comment":"体術+1"
	},
	"0074":{
		"label":"体術珠【2】",
		"comment":"体術+3"
	},
	"0075":{
		"label":"捕獲珠【1】",
		"comment":"捕獲+1"
	},
	"0076":{
		"label":"捕獲珠【3】",
		"comment":"捕獲+4"
	},
	"0077":{
		"label":"観察珠【1】",
		"comment":"観察眼+2"
	},
	"0078":{
		"label":"短縮珠【1】",
		"comment":"溜め短縮+1"
	},
	"0079":{
		"label":"短縮珠【3】",
		"comment":"溜め短縮+4"
	},
	"007A":{
		"label":"抜打珠【1】",
		"comment":"抜刀滅気+1"
	},
	"007B":{
		"label":"抜打珠【3】",
		"comment":"抜刀滅気+4"
	},
	"007C":{
		"label":"属耐珠【1】",
		"comment":"属性耐性+1"
	},
	"007D":{
		"label":"属耐珠【3】",
		"comment":"属性耐性+4"
	},	
	"007E":{
		"label":"解放珠【2】",
		"comment":"属性解放+1"
	},
	"007F":{
		"label":"覚醒珠【3】",
		"comment":"属性解放+2"
	},
	"0081":{
		"label":"逆境珠【1】",
		"comment":"逆境+1"
	},
	"0082":{
		"label":"逆境珠【2】",
		"comment":"逆境+3"
	},
	"0083":{
		"label":"速射珠【1】",
		"comment":"速射+1"
	},
	"0084":{
		"label":"速射珠【3】",
		"comment":"速射+4"
	},
	"0085":{
		"label":"燃焼珠【1】",
		"comment":"燃燐+2"
	},
	"0086":{
		"label":"耐防珠【1】",
		"comment":"対防御DOWN+2"
	},
	"0087":{
		"label":"火炎珠【1】",
		"comment":"火属性攻撃+1"
	},
	"0088":{
		"label":"火炎珠【2】",
		"comment":"火属性攻撃+3"
	},
	"0089":{
		"label":"流水珠【1】",
		"comment":"水属性攻撃+1"
	},
	"008A":{
		"label":"流水珠【2】",
		"comment":"水属性攻撃+3"
	},
	"008B":{
		"label":"雷光珠【1】",
		"comment":"雷属性攻撃+1"
	},
	"008C":{
		"label":"雷光珠【2】",
		"comment":"雷属性攻撃+3"
	},
	"008D":{
		"label":"氷結珠【1】",
		"comment":"氷属性攻撃+1"
	},
	"008E":{
		"label":"氷結珠【2】",
		"comment":"氷属性攻撃+3"
	},
	"008F":{
		"label":"破龍珠【1】",
		"comment":"龍属性攻撃+1"
	},
	"0090":{
		"label":"破龍珠【2】",
		"comment":"龍属性攻撃+3"
	},
	"0091":{
		"label":"痛撃珠【1】",
		"comment":"痛撃+1"
	},
	"0092":{
		"label":"痛撃珠【3】",
		"comment":"痛撃+4"
	},
	"0093":{
		"label":"重撃珠【1】",
		"comment":"重撃+1"
	},
	"0094":{
		"label":"重撃珠【3】",
		"comment":"重撃+4"
	},
	"0095":{
		"label":"全開珠【1】",
		"comment":"本気+1"
	},
	"0096":{
		"label":"全開珠【2】",
		"comment":"本気+3"
	},
	"0097":{
		"label":"ＫＯ珠【1】",
		"comment":"KO+1"
	},
	"0099":{
		"label":"奪気珠【1】",
		"comment":"滅気攻撃+1"
	},
	"009A":{
		"label":"奪気珠【2】",
		"comment":"滅気攻撃+3"
	},
	"009B":{
		"label":"鼓笛珠【1】",
		"comment":"笛+2"
	},
	"009C":{
		"label":"砲術珠【1】",
		"comment":"砲術+2"
	},
	"0046":{
		"label":"制火珠【1】",
		"comment":"火耐性+2"
	},
	"0048":{
		"label":"制水珠【1】",
		"comment":"水耐性+2"
	},
	"004A":{
		"label":"制雷珠【1】",
		"comment":"雷耐性+2"
	},
	"004C":{
		"label":"制氷珠【1】",
		"comment":"氷耐性+2"
	},
	"004E":{
		"label":"制龍珠【1】",
		"comment":"龍耐性+2"
	},
	"009D":{
		"label":"速納珠【1】",
		"comment":"納刀+1"
	},
	"009E":{
		"label":"速納珠【2】",
		"comment":"納刀+3"
	},
	"009F":{
		"label":"早気珠【1】",
		"comment":"気力回復+1"
	},
	"00A0":{
		"label":"早気珠【2】",
		"comment":"気力回復+3"
	},
	"00A1":{
		"label":"狩人珠【1】",
		"comment":"狩人+2"
	},	
	"00A2":{
		"label":"痺瓶珠【1】",
		"comment":"麻痺瓶追加+1"
	},
	"00A3":{
		"label":"痺瓶珠【2】",
		"comment":"麻痺瓶追加+3"
	},
	"00A4":{
		"label":"眠瓶珠【1】",
		"comment":"睡眠瓶追加+2"
	},
	"00A5":{
		"label":"毒瓶珠【1】",
		"comment":"毒瓶追加+2"
	},
	"00A6":{
		"label":"強瓶珠【1】",
		"comment":"強撃瓶追加+1"
	},
	"00A7":{
		"label":"強瓶珠【2】",
		"comment":"強撃瓶追加+3"
	},
	"00A8":{
		"label":"接瓶珠【1】",
		"comment":"接撃瓶追加+2"
	},
	"00AA":{
		"label":"滅瓶珠【1】",
		"comment":"滅気瓶追加+2"
	},
	"00AB":{
		"label":"根性珠【1】",
		"comment":"根性+1"
	},
	"00AC":{
		"label":"根性珠【2】",
		"comment":"根性+3"
	},
	"00AD":{
		"label":"肉食珠【1】",
		"comment":"肉食+1"
	},
	"00AE":{
		"label":"肉好珠【1】",
		"comment":"肉食+2"
	},
	"00AF":{
		"label":"蜜集珠【1】",
		"comment":"ハチミツ+1"
	},
	"00B0":{
		"label":"蜜占珠【1】",
		"comment":"ハチミツ+2"
	},
	"00B1":{
		"label":"菌学珠【1】",
		"comment":"細菌学+1"
	},
	"00B2":{
		"label":"菌究珠【1】",
		"comment":"細菌学+2"
	},
	"00B3":{
		"label":"闘魂珠【1】",
		"comment":"闘魂+1"
	},
	"00B4":{
		"label":"闘魂珠【2】",
		"comment":"闘魂+3"
	},
	"00B5":{
		"label":"無傷珠【1】",
		"comment":"無傷+1"
	},
	"00B6":{
		"label":"無傷珠【2】",
		"comment":"無傷+3"
	},
	"00B7":{
		"label":"剛体珠【1】",
		"comment":"不動+1"
	},
	"00B8":{
		"label":"剛体珠【3】",
		"comment":"不動+4"
	},
	"00B9":{
		"label":"采配珠【1】",
		"comment":"采配+1"
	},
	"00BA":{
		"label":"名采配珠【1】",
		"comment":"采配+2"
	},
	"00BB":{
		"label":"号令珠【1】",
		"comment":"号令+1"
	},
	"00BC":{
		"label":"号令珠【2】",
		"comment":"号令+3"
	},
	"0098":{
		"label":"ＫＯ珠【2】",
		"comment":"KO+3"
	},
	"00BD":{
		"label":"護石珠【1】",
		"comment":"護石王+2"
	},
	"00A9":{
		"label":"爆瓶珠【1】",
		"comment":"爆破瓶追加+2"
	},
	"00BE":{
		"label":"刀匠珠【1】",
		"comment":"刀匠+2"
	},
	"00BF":{
		"label":"刀匠珠【2】",
		"comment":"刀匠+3"
	},
	"00C0":{
		"label":"刀匠珠【3】",
		"comment":"刀匠+3"
	},
	"00C1":{
		"label":"刀匠真珠【3】",
		"comment":"刀匠+4"
	},
	"00C2":{
		"label":"射手珠【1】",
		"comment":"射手+2"
	},
	"00C3":{
		"label":"射手珠【2】",
		"comment":"射手+3"
	},
	"00C4":{
		"label":"射手珠【3】",
		"comment":"射手+3"
	},
	"00C5":{
		"label":"射手真珠【3】",
		"comment":"射手+4"
	},
	"00C6":{
		"label":"状耐珠【1】",
		"comment":"状態耐性+2"
	},
	"00C7":{
		"label":"状耐珠【2】",
		"comment":"状態耐性+3"
	},
	"00C8":{
		"label":"状耐珠【3】",
		"comment":"状態耐性+3"
	},
	"00C9":{
		"label":"状耐真珠【3】",
		"comment":"状態耐性+4"
	},
	"00CA":{
		"label":"怒珠【1】",
		"comment":"怒+2"
	},
	"00CB":{
		"label":"怒珠【2】",
		"comment":"怒+3"
	},
	"00CC":{
		"label":"怒珠【3】",
		"comment":"怒+3"
	},
	"00CD":{
		"label":"怒真珠【3】",
		"comment":"怒+4"
	},
	"00CE":{
		"label":"回術珠【1】",
		"comment":"回避術+2"
	},
	"00CF":{
		"label":"回術真珠【1】",
		"comment":"回避術+3"
	},
	"00D0":{
		"label":"回術珠【2】",
		"comment":"回避術+4"
	},
	"00D1":{
		"label":"回術珠【3】",
		"comment":"回避術+4"
	},
	"00D2":{
		"label":"回術真珠【3】",
		"comment":"回避術+5"
	},
	"00D3":{
		"label":"頑強珠【1】",
		"comment":"頑強+2"
	},
	"00D4":{
		"label":"頑強真珠【1】",
		"comment":"頑強+3"
	},
	"00D5":{
		"label":"頑強珠【2】",
		"comment":"頑強+4"
	},
	"00D6":{
		"label":"頑強珠【3】",
		"comment":"頑強+4"
	},
	"00D7":{
		"label":"頑強真珠【3】",
		"comment":"頑強+5"
	},
	"00D8":{
		"label":"居合珠【1】",
		"comment":"居合+2"
	},
	"00D9":{
		"label":"居合珠【3】",
		"comment":"居合+4"
	},
	"00DA":{
		"label":"剛撃珠【1】",
		"comment":"剛撃+2"
	},
	"00DB":{
		"label":"剛撃珠【3】",
		"comment":"剛撃+4"
	},
	"00DC":{
		"label":"一心珠【2】",
		"comment":"一心+3"
	},
	"00DD":{
		"label":"一心珠【3】",
		"comment":"一心+4"
	},
	"00DE":{
		"label":"盾持珠【2】",
		"comment":"盾持+3"
	},
	"00DF":{
		"label":"盾持珠【3】",
		"comment":"盾持+4"
	},
	"00E0":{
		"label":"潔癖珠【2】",
		"comment":"潔癖+3"
	},
	"00E1":{
		"label":"潔癖珠【3】",
		"comment":"潔癖+4"
	},
	"00E2":{
		"label":"増幅珠【2】",
		"comment":"増幅+3"
	},
	"00E3":{
		"label":"増幅珠【3】",
		"comment":"増幅+4"
	},
	"00E4":{
		"label":"護収珠【1】",
		"comment":"護石収集+2"
	},
	"00E5":{
		"label":"護収真珠【1】",
		"comment":"護石収集+3"
	},
	"00E6":{
		"label":"護収珠【2】",
		"comment":"護石収集+3"
	},
	"00E7":{
		"label":"護収真珠【2】",
		"comment":"護石収集+4"
	},
	"00E8":{
		"label":"護収珠【3】",
		"comment":"護石収集+6"
	},
	"00E9":{
		"label":"強欲珠【1】",
		"comment":"強欲+2"
	},
	"00EA":{
		"label":"強欲真珠【1】",
		"comment":"強欲+3"
	},
	"00EB":{
		"label":"強欲珠【2】",
		"comment":"強欲+3"
	},
	"00EC":{
		"label":"強欲真珠【2】",
		"comment":"強欲+4"
	},
	"00ED":{
		"label":"強欲珠【3】",
		"comment":"強欲+6"
	},
	"00EE":{
		"label":"属会珠【1】",
		"comment":"属性会心+1"
	},
	"00EF":{
		"label":"属会珠【2】",
		"comment":"属性会心+3"
	},
	"00F0":{
		"label":"特会珠【1】",
		"comment":"特殊会心+1"
	},
	"00F1":{
		"label":"特会珠【2】",
		"comment":"特殊会心+3"
	},
	"00F2":{
		"label":"射法珠【1】",
		"comment":"射法+1"
	},
	"00F3":{
		"label":"射法珠【2】",
		"comment":"射法+3"
	},
	"00F4":{
		"label":"茸好珠【1】",
		"comment":"茸食+2"
	},
	"00F5":{
		"label":"節食珠【1】",
		"comment":"節食+2"
	},
	"00F6":{
		"label":"抗傷珠【1】",
		"comment":"裂傷+2"
	},
	"00F7":{
		"label":"抗着珠【1】",
		"comment":"耐粘+2"
	},
	"00F8":{
		"label":"乗慣珠【1】",
		"comment":"乗り+2"
	},
	"00F9":{
		"label":"抗狂珠【1】",
		"comment":"狂耐撃性+1"
	},
	"00FA":{
		"label":"抗狂珠【3】",
		"comment":"狂耐撃性+4"
	},
	"0013":{
		"label":"名匠珠【3】",
		"comment":"匠+3"
	},
	"003C":{
		"label":"防御珠【3】",
		"comment":"防御+5"
	},
	"0080":{
		"label":"真覚醒珠【3】",
		"comment":"属性解放+2"
	},
	"00FB":{
		"label":"斬術珠【1】",
		"comment":"斬術+2"
	},
	"00FC":{
		"label":"斬術珠【2】",
		"comment":"斬術+4"
	},
	"00FD":{
		"label":"斬術珠【3】",
		"comment":"斬術+5"
	},
	"00FE":{
		"label":"斬術真珠【3】",
		"comment":"斬術+6"
	},
	"00FF":{
		"label":"秘伝珠【1】",
		"comment":"秘伝+2"
	},
	"0100":{
		"label":"秘伝珠【2】",
		"comment":"秘伝+4"
	},
	"0101":{
		"label":"秘伝珠【3】",
		"comment":"秘伝+5"
	},
	"0102":{
		"label":"秘伝真珠【3】",
		"comment":"秘伝+6"
	},
	"0103":{
		"label":"剛腕珠【1】",
		"comment":"剛腕+2"
	},
	"0104":{
		"label":"剛腕珠【2】",
		"comment":"剛腕+4"
	},
	"0105":{
		"label":"剛腕珠【3】",
		"comment":"剛腕+5"
	},
	"0106":{
		"label":"剛腕真珠【3】",
		"comment":"剛腕+6"
	},
	"0107":{
		"label":"祈願珠【1】",
		"comment":"祈願+2"
	},
	"0108":{
		"label":"祈願珠【2】",
		"comment":"祈願+4"
	},
	"0109":{
		"label":"祈願珠【3】",
		"comment":"祈願+5"
	},
	"010A":{
		"label":"裹業珠【1】",
		"comment":"裹稼業+2"
	},
	"010B":{
		"label":"裹業珠【2】",
		"comment":"裹稼業+4"
	},
	"010C":{
		"label":"裹業珠【3】",
		"comment":"裹稼業+5"
	},
	"010D":{
		"label":"裹業真珠【3】",
		"comment":"裹稼業+6"
	},
	"010E":{
		"label":"刀匠真珠【2】",
		"comment":"刀匠+4"
	},
	"010F":{
		"label":"刀匠極珠【3】",
		"comment":"刀匠+5"
	},
	"0110":{
		"label":"射手真珠【2】",
		"comment":"射手+4"
	},
	"0111":{
		"label":"射手極珠【3】",
		"comment":"射手+5"
	},
	"0112":{
		"label":"状耐真珠【2】",
		"comment":"状態耐性+4"
	},
	"0113":{
		"label":"状耐極珠【3】",
		"comment":"状態耐性+5"
	},
	"0114":{
		"label":"怒真珠【2】",
		"comment":"怒+4"
	},
	"0115":{
		"label":"怒極珠【3】",
		"comment":"怒+5"
	},
	"0116":{
		"label":"居合珠【2】",
		"comment":"居合+4"
	},
	"0117":{
		"label":"居合真珠【3】",
		"comment":"居合+5"
	},
	"0118":{
		"label":"剛撃珠【2】",
		"comment":"剛撃+4"
	},
	"0119":{
		"label":"剛撃真珠【3】",
		"comment":"剛撃+5"
	},
	"011A":{
		"label":"一心真珠【2】",
		"comment":"一心+4"
	},
	"011B":{
		"label":"一心真珠【3】",
		"comment":"一心+5"
	},
	"011C":{
		"label":"盾持真珠【2】",
		"comment":"盾持+4"
	},
	"011D":{
		"label":"盾持真珠【3】",
		"comment":"盾持+5"
	},
	"011E":{
		"label":"潔癖真珠【2】",
		"comment":"潔癖+4"
	},
	"011F":{
		"label":"潔癖真珠【3】",
		"comment":"潔癖+5"
	},
	"0120":{
		"label":"増幅真珠【2】",
		"comment":"増幅+4"
	},
	"0121":{
		"label":"増幅真珠【3】",
		"comment":"増幅+5"
	}
}
