{
	"01":{
		label:"胴"
	}, 
	"02": {
		label:"腕"
	},
	"03": {
		label:"腰"
	},
	"04": {
		label:"脚"
	},
	"05": {
		label:"头"
	},
	"06": {
		label:"护石"
	},
	"07": {
		label:"大剣"
	},
	"08": {
		label:"片手剣"
	},
	"09": {
		label:"锤子"
	},
	"0A": {
		label:"长枪"
	},
	"0B": {
		label:"轻弩"
	},
	"0C": {
		label:"重弩"
	},
	"0D": {
		label:"太刀"
	},
	"0E": {
		label:"剣斧"
	},
	"0F": {
		label:"铳枪"
	},
	"10": {
		label:"弓"
	},
	"11": {
		label:"双剣"
	},
	"12": {
		label:"狩猟笛"
	},
	"13": {
		label:"操虫棍"
	},
	"14": {
		label:"盾斧"
	}
}