{
	"00":	{
		label:"クロドローン",
		comment:"（切断）ボーナス无し"
	},
	"01": {
		label:"エボクルドローン",
		comment:"（切断）猟虫全ステータスＵＰ【小】"
	},
	"02": {
		label:"アルマスタッグ",
		comment:"（切断）猟虫攻撃ＵＰ【小】"
	},
	"03": {
		label:"モナークブルスタッグ",
		comment:"（切断）猟虫攻撃ＵＰ【大】"
	},
	"04": {
		label:"レジナヴォランテ",
		comment:"（切断）猟虫攻撃ＵＰ【中】／回复エキス効果ＵＰ【小】"
	},
	"05":	{
		label:"ガシルドーレ",
		comment:"（切断）猟虫スタミナＵＰ【小】"
	},
	"06": {
		label:"ドゥンクラープ",
		comment:"（切断）猟虫スタミナＵＰ【大】"
	},
	"07":	{
		label:"ウカドゥーレ",
		comment:"（切断）猟虫スタミナＵＰ【中】／回复エキス効果ＵＰ【小】"
	},
	"08":	{
		label:"カゼキリバネ",
		comment:"（切断）猟虫スピードＵＰ【小】"
	},
	"09":	{
		label:"オオシナト",
		comment:"（切断）猟虫スピードＵＰ【大】"
	},
	"0A":	{
		label:"シナトモドキ",
		comment:"（切断）猟虫スピードＵＰ【中】／回复エキス効果ＵＰ【小】"
	},
	"0B":	{
		label:"エルドラーン",
		comment:"（切断）猟虫全ステータスＵＰ【中】／回复エキス効果【大】"
	},
	"0C":	{
		label:"マルドローン",
		comment:"（打撃）ボーナス无し"
	},
	"0D":	{
		label:"エボマルドローン",
		comment:"（打撃）猟虫全ステータスＵＰ【小】"
	},
	"0E":	{
		label:"ザミールビートル",
		comment:"（打撃）猟虫攻撃ＵＰ【小】"
	},
	"0F":	{
		label:"ケーニヒゴアビートル",
		comment:"猟虫攻撃ＵＰ【大】"
	},
	"10":	{
		label:"フィルカーノ",
		comment:"（打撃）猟虫攻撃ＵＰ【中】／回复エキス効果ＵＰ【小】"
	},
	"11":	{
		label:"ハルキータ",
		comment:"（打撃）猟虫スタミナＵＰ【小】"
	},
	"12": {
		label:"ドルンキータ",
		comment:"（打撃）猟虫スタミナＵＰ【大】"
	},
	"13": {
		label:"アルジョアーニャ",
		comment:"（打撃）猟虫スタミナＵＰ【中】／回复エキス効果ＵＰ【小】"
	},
	"14":	{
		label:"ガルーヘル",
		comment:"（打撃）猟虫スピードＵＰ【小】"
	},
	"15":	{
		label:"メイヴァーチル",
		comment:"（打撃）猟虫スピードＵＰ【大】"
	},
	"16":	{
		label:"ファンリエール",
		comment:"（打撃）猟虫スタミナＵＰ【中】／回复エキス効果ＵＰ【小】"
	},
	"17": {
		label:"アルジャローン",
		comment:"（打撃）猟虫ステータスＵＰ【中】／回复エキス効果ＵＰ【大】"
	}
}