{
	"0001":{
		"label":"調合書①入門編"
	},
	"0002":{
		"label":"調合書②初級編"
	},
	"0003":{
		"label":"調合書③中級編"
	},
	"0004":{
		"label":"調合書④上級編"
	},
	"0005":{
		"label":"調合書⑤達人編"
	},
	"0006":{
		"label":"収納上手・技の書"
	},
	"0007":{
		"label":"収納上手・力の書"
	},
	"0008":{
		"label":"回復薬"
	},
	"0009":{
		"label":"回復薬グレート"
	},
	"000A":{
		"label":"栄養剤"
	},
	"000B":{
		"label":"栄養剤グレート"
	},
	"000C":{
		"label":"解毒薬"
	},
	"000D":{
		"label":"活力剤"
	},
	"000E":{
		"label":"強走薬"
	},
	"000F":{
		"label":"強走薬グレート"
	},
	"0010":{
		"label":"鬼人薬"
	},
	"0011":{
		"label":"鬼人薬グレート"
	},
	"0012":{
		"label":"怪力の丸薬"
	},
	"0013":{
		"label":"硬化薬"
	},
	"0014":{
		"label":"硬化薬グレート"
	},
	"0015":{
		"label":"忍耐の丸薬"
	},
	"0016":{
		"label":"クーラードリンク"
	},
	"0017":{
		"label":"ホットドリンク"
	},
	"0018":{
		"label":"消散剤"
	},
	"0019":{
		"label":"消臭玉"
	},
	"001A":{
		"label":"千里眼の薬"
	},
	"001B":{
		"label":"漢方薬"
	},
	"001C":{
		"label":"秘薬"
	},
	"001D":{
		"label":"いにしえの秘薬"
	},
	"001E":{
		"label":"増強剤"
	},
	"001F":{
		"label":"元気ドリンコ"
	},
	"0020":{
		"label":"爆薬"
	},
	"0021":{
		"label":"生命の粉"
	},
	"0022":{
		"label":"生命の粉塵"
	},
	"0023":{
		"label":"捕獲用麻酔薬"
	},
	"0024":{
		"label":"なぞのお守り"
	},
	"0025":{
		"label":"光るお守り"
	},
	"0026":{
		"label":"古びたお守り"
	},
	"0027":{
		"label":"歪んだお守り"
	},
	"0028":{
		"label":"力の護符"
	},
	"0029":{
		"label":"力の爪"
	},
	"002A":{
		"label":"守りの護符"
	},
	"002B":{
		"label":"守りの爪"
	},
	"002C":{
		"label":"生肉"
	},
	"002D":{
		"label":"毒生肉"
	},
	"002E":{
		"label":"シビレ生肉"
	},
	"002F":{
		"label":"眠り生肉"
	},
	"0030":{
		"label":"生焼け肉"
	},
	"0031":{
		"label":"こんがり肉"
	},
	"0032":{
		"label":"コゲ肉"
	},
	"0033":{
		"label":"クーラーミート"
	},
	"0034":{
		"label":"ホットミート"
	},
	"0035":{
		"label":"モスジャーキー"
	},
	"0036":{
		"label":"ブーメラン"
	},
	"0037":{
		"label":"投げナイフ"
	},
	"0038":{
		"label":"毒投げナイフ"
	},
	"0039":{
		"label":"眠り投げナイフ"
	},
	"003A":{
		"label":"麻痺投げナイフ"
	},
	"003B":{
		"label":"捕獲用投げナイフ"
	},
	"003C":{
		"label":"素材玉"
	},
	"003D":{
		"label":"ペイントボール"
	},
	"003E":{
		"label":"閃光玉"
	},
	"003F":{
		"label":"音爆弾"
	},
	"0040":{
		"label":"モンスターのフン"
	},
	"0041":{
		"label":"こやし玉"
	},
	"0042":{
		"label":"けむり玉"
	},
	"0043":{
		"label":"毒けむり玉"
	},
	"0044":{
		"label":"モドリ玉"
	},
	"0045":{
		"label":"捕獲用麻酔玉"
	},
	"0046":{
		"label":"クモの巣"
	},
	"0047":{
		"label":"ネット"
	},
	"0048":{
		"label":"トラップツール"
	},
	"0049":{
		"label":"落とし穴"
	},
	"004A":{
		"label":"シビレ罠"
	},
	"004B":{
		"label":"小タル爆弾"
	},
	"004C":{
		"label":"大タル爆弾"
	},
	"004D":{
		"label":"小タル爆弾"
	},
	"004E":{
		"label":"小タル爆弾G"
	},
	"004F":{
		"label":"大タル爆弾"
	},
	"0050":{
		"label":"大タル爆弾G"
	},
	"0051":{
		"label":"打上げタル爆弾"
	},
	"0052":{
		"label":"打上げタル爆弾G"
	},
	"0053":{
		"label":"マタタビ爆弾"
	},
	"0054":{
		"label":"ＪＵＭＰタル爆弾"
	},
	"0055":{
		"label":"カラの実"
	},
	"0056":{
		"label":"カラ骨"
	},
	"0057":{
		"label":"LV1"
	},
	"0058":{
		"label":"LV2"
	},
	"0059":{
		"label":"LV3"
	},
	"005A":{
		"label":"LV1"
	},
	"005B":{
		"label":"LV2"
	},
	"005C":{
		"label":"LV3"
	},
	"005D":{
		"label":"LV1"
	},
	"005E":{
		"label":"LV2"
	},
	"005F":{
		"label":"LV3"
	},
	"0060":{
		"label":"LV1"
	},
	"0061":{
		"label":"LV2"
	},
	"0062":{
		"label":"LV3"
	},
	"0063":{
		"label":"LV1"
	},
	"0064":{
		"label":"LV2"
	},
	"0065":{
		"label":"LV3"
	},
	"0066":{
		"label":"火炎弾"
	},
	"0067":{
		"label":"水冷弾"
	},
	"0068":{
		"label":"電撃弾"
	},
	"0069":{
		"label":"氷結弾"
	},
	"006A":{
		"label":"滅龍弾"
	},
	"006B":{
		"label":"LV1"
	},
	"006C":{
		"label":"LV2"
	},
	"006D":{
		"label":"LV1"
	},
	"006E":{
		"label":"LV2"
	},
	"006F":{
		"label":"LV1"
	},
	"0070":{
		"label":"LV2"
	},
	"0071":{
		"label":"LV1"
	},
	"0072":{
		"label":"LV2"
	},
	"0073":{
		"label":"斬裂弾"
	},
	"0074":{
		"label":"竜撃弾"
	},
	"0075":{
		"label":"爆破弾"
	},
	"0076":{
		"label":"LV1"
	},
	"0077":{
		"label":"LV2"
	},
	"0078":{
		"label":"鬼人弾"
	},
	"0079":{
		"label":"硬化弾"
	},
	"007A":{
		"label":"ペイント弾"
	},
	"007B":{
		"label":"捕獲用麻酔弾"
	},
	"007C":{
		"label":"ビン無し"
	},
	"007D":{
		"label":"空きビン"
	},
	"007E":{
		"label":"強撃ビン"
	},
	"007F":{
		"label":"接撃ビン"
	},
	"0080":{
		"label":"毒ビン"
	},
	"0081":{
		"label":"麻痺ビン"
	},
	"0082":{
		"label":"睡眠ビン"
	},
	"0083":{
		"label":"滅気ビン"
	},
	"0084":{
		"label":"爆破ビン"
	},
	"0085":{
		"label":"ペイントビン"
	},
	"0086":{
		"label":"力の虫餌・火"
	},
	"0087":{
		"label":"体の虫餌・水"
	},
	"0088":{
		"label":"速の虫餌・雷"
	},
	"0089":{
		"label":"速の虫餌・氷"
	},
	"008A":{
		"label":"体の虫餌・龍"
	},
	"008B":{
		"label":"力の上虫餌"
	},
	"008C":{
		"label":"体の上虫餌"
	},
	"008D":{
		"label":"速の上虫餌"
	},
	"008E":{
		"label":"虫餌・火炎"
	},
	"008F":{
		"label":"虫餌・流水"
	},
	"0090":{
		"label":"虫餌・雷光"
	},
	"0091":{
		"label":"虫餌・氷結"
	},
	"0092":{
		"label":"虫餌・破龍"
	},
	"0093":{
		"label":"力の上虫餌・火"
	},
	"0094":{
		"label":"体の上虫餌・水"
	},
	"0095":{
		"label":"速の上虫餌・雷"
	},
	"0096":{
		"label":"力の虫餌・火炎"
	},
	"0097":{
		"label":"速の虫餌・流水"
	},
	"0098":{
		"label":"速の虫餌・雷光"
	},
	"0099":{
		"label":"速の虫餌・氷結"
	},
	"009A":{
		"label":"体の虫餌・破龍"
	},
	"009B":{
		"label":"釣りミミズ"
	},
	"009C":{
		"label":"釣りフィーバエ"
	},
	"009D":{
		"label":"釣りカエル"
	},
	"009E":{
		"label":"サシミダンゴ"
	},
	"009F":{
		"label":"バクダンゴ"
	},
	"00A0":{
		"label":"黄金ダンゴ"
	},
	"00A1":{
		"label":"ボロピッケル"
	},
	"00A2":{
		"label":"ピッケル"
	},
	"00A3":{
		"label":"ピッケルグレート"
	},
	"00A4":{
		"label":"ボロ虫あみ"
	},
	"00A5":{
		"label":"虫あみ"
	},
	"00A6":{
		"label":"虫あみグレート"
	},
	"00A7":{
		"label":"肉焼きセット"
	},
	"00A8":{
		"label":"砥石"
	},
	"00A9":{
		"label":"双眼鏡"
	},
	"00AA":{
		"label":"もえないゴミ"
	},
	"00AB":{
		"label":"角笛"
	},
	"00AC":{
		"label":"回復笛"
	},
	"00AD":{
		"label":"解毒笛"
	},
	"00AE":{
		"label":"鬼人笛"
	},
	"00AF":{
		"label":"硬化笛"
	},
	"00B0":{
		"label":"ハチミツ"
	},
	"00B1":{
		"label":"薬草"
	},
	"00B2":{
		"label":"げどく草"
	},
	"00B3":{
		"label":"火炎草"
	},
	"00B4":{
		"label":"ツタの葉"
	},
	"00B5":{
		"label":"ネムリ草"
	},
	"00B6":{
		"label":"ネンチャク草"
	},
	"00B7":{
		"label":"マタタビ爆弾"
	},
	"00B8":{
		"label":"落陽草の根"
	},
	"00B9":{
		"label":"トウガラシ"
	},
	"00BA":{
		"label":"竜仙花の種"
	},
	"00BB":{
		"label":"竜仙花"
	},
	"00BC":{
		"label":"竜仙丹"
	},
	"00BD":{
		"label":"アオキノコ"
	},
	"00BE":{
		"label":"ニトロダケ"
	},
	"00BF":{
		"label":"マヒダケ"
	},
	"00C0":{
		"label":"毒テングダケ"
	},
	"00C1":{
		"label":"ドキドキノコ"
	},
	"00C2":{
		"label":"クタビレタケ"
	},
	"00C3":{
		"label":"マンドラゴラ"
	},
	"00C4":{
		"label":"ペイントの実"
	},
	"00C5":{
		"label":"怪力の種"
	},
	"00C6":{
		"label":"忍耐の種"
	},
	"00C7":{
		"label":"ウチケシの実"
	},
	"00C8":{
		"label":"龍殺しの実"
	},
	"00C9":{
		"label":"はじけクルミ"
	},
	"00CA":{
		"label":"ハリの実"
	},
	"00CB":{
		"label":"ツラヌキの実"
	},
	"00CC":{
		"label":"カクサンの実"
	},
	"00CD":{
		"label":"ペピポパンプキン"
	},
	"00CE":{
		"label":"石ころ"
	},
	"00CF":{
		"label":"鉄鉱石"
	},
	"00D0":{
		"label":"大地の結晶"
	},
	"00D1":{
		"label":"マカライト鉱石"
	},
	"00D2":{
		"label":"ドラグライト鉱石"
	},
	"00D3":{
		"label":"ライトクリスタル"
	},
	"00D4":{
		"label":"氷結晶"
	},
	"00D5":{
		"label":"紅蓮石"
	},
	"00D6":{
		"label":"レビテライト鉱石"
	},
	"00D7":{
		"label":"天空の結晶"
	},
	"00D8":{
		"label":"カブレライト鉱石"
	},
	"00D9":{
		"label":"ノヴァクリスタル"
	},
	"00DA":{
		"label":"ユニオン鉱石"
	},
	"00DB":{
		"label":"獄炎石"
	},
	"00DC":{
		"label":"フルクライト鉱石"
	},
	"00DD":{
		"label":"研磨材"
	},
	"00DE":{
		"label":"高級研磨材"
	},
	"00DF":{
		"label":"最高級研磨材"
	},
	"00E0":{
		"label":"鎧石"
	},
	"00E1":{
		"label":"鎧玉"
	},
	"00E2":{
		"label":"上鎧玉"
	},
	"00E3":{
		"label":"尖鎧玉"
	},
	"00E4":{
		"label":"堅鎧玉"
	},
	"00E5":{
		"label":"重鎧玉"
	},
	"00E6":{
		"label":"真鎧玉"
	},
	"00E7":{
		"label":"キレアジ"
	},
	"00E8":{
		"label":"サシミウオ"
	},
	"00E9":{
		"label":"眠魚"
	},
	"00EA":{
		"label":"ハリマグロ"
	},
	"00EB":{
		"label":"カジキマグロ"
	},
	"00EC":{
		"label":"はじけイワシ"
	},
	"00ED":{
		"label":"カクサンデメキン"
	},
	"00EE":{
		"label":"ハレツアロワナ"
	},
	"00EF":{
		"label":"バクレツアロワナ"
	},
	"00F0":{
		"label":"大食いマグロ"
	},
	"00F1":{
		"label":"ドス大食いマグロ"
	},
	"00F2":{
		"label":"小金魚"
	},
	"00F3":{
		"label":"シンドイワシ"
	},
	"00F4":{
		"label":"古代魚"
	},
	"00F5":{
		"label":"イチノタチウオ"
	},
	"00F6":{
		"label":"ギルドチケット"
	},
	"00F7":{
		"label":"ギルドチケットS"
	},
	"00F8":{
		"label":"虫の死骸"
	},
	"00F9":{
		"label":"ギルドチケットG"
	},
	"00FA":{
		"label":"ボンバッタ"
	},
	"00FB":{
		"label":"ツチハチノコ"
	},
	"00FC":{
		"label":"不死虫"
	},
	"00FD":{
		"label":"にが虫"
	},
	"00FE":{
		"label":"光蟲"
	},
	"00FF":{
		"label":"雷光虫"
	},
	"0100":{
		"label":"のりこねバッタ"
	},
	"0101":{
		"label":"キラビートル"
	},
	"0102":{
		"label":"ドスヘラクレス"
	},
	"0103":{
		"label":"超電雷光虫"
	},
	"0104":{
		"label":"マレコガネ"
	},
	"0105":{
		"label":"オオツノアゲハ"
	},
	"0106":{
		"label":"オオクワアゲハ"
	},
	"0107":{
		"label":"竜骨【小】"
	},
	"0108":{
		"label":"竜骨【中】"
	},
	"0109":{
		"label":"竜骨【大】"
	},
	"010A":{
		"label":"なぞの骨"
	},
	"010B":{
		"label":"なぞの頭骨"
	},
	"010C":{
		"label":"上竜骨"
	},
	"010D":{
		"label":"尖竜骨"
	},
	"010E":{
		"label":"堅竜骨"
	},
	"010F":{
		"label":"古竜骨"
	},
	"0110":{
		"label":"上質な鳥竜骨"
	},
	"0111":{
		"label":"獣骨"
	},
	"0112":{
		"label":"大きな骨"
	},
	"0113":{
		"label":"堅牢な骨"
	},
	"0114":{
		"label":"いにしえの龍骨"
	},
	"0115":{
		"label":"竜の牙"
	},
	"0116":{
		"label":"竜の爪"
	},
	"0117":{
		"label":"鳥竜玉"
	},
	"0118":{
		"label":"竜玉"
	},
	"0119":{
		"label":"古龍の血"
	},
	"011A":{
		"label":"鋼のたまご"
	},
	"011B":{
		"label":"銀のたまご"
	},
	"011C":{
		"label":"金のたまご"
	},
	"011D":{
		"label":"フエールピッケル"
	},
	"011E":{
		"label":"鳴き袋"
	},
	"011F":{
		"label":"毒袋"
	},
	"0120":{
		"label":"猛毒袋"
	},
	"0121":{
		"label":"麻痺袋"
	},
	"0122":{
		"label":"睡眠袋"
	},
	"0123":{
		"label":"火炎袋"
	},
	"0124":{
		"label":"爆炎袋"
	},
	"0125":{
		"label":"電気袋"
	},
	"0126":{
		"label":"電撃袋"
	},
	"0127":{
		"label":"氷結袋"
	},
	"0128":{
		"label":"凍結袋"
	},
	"0129":{
		"label":"水袋"
	},
	"012A":{
		"label":"大水袋"
	},
	"012B":{
		"label":"狂走エキス"
	},
	"012C":{
		"label":"アルビノエキス"
	},
	"012D":{
		"label":"丸鳥の羽"
	},
	"012E":{
		"label":"ケルビの角"
	},
	"012F":{
		"label":"ケルビの蒼角"
	},
	"0130":{
		"label":"暖かい毛皮"
	},
	"0131":{
		"label":"上質な毛皮"
	},
	"0132":{
		"label":"草食竜の甲殻"
	},
	"0133":{
		"label":"草食竜の堅殻"
	},
	"0134":{
		"label":"草食竜の頭殻"
	},
	"0135":{
		"label":"垂皮竜の皮"
	},
	"0136":{
		"label":"垂皮竜の上皮"
	},
	"0137":{
		"label":"飛甲虫の甲殻"
	},
	"0138":{
		"label":"飛甲虫の堅殻"
	},
	"0139":{
		"label":"飛甲虫の羽"
	},
	"013A":{
		"label":"甲虫の大顎"
	},
	"013B":{
		"label":"甲虫の腹袋"
	},
	"013C":{
		"label":"上質な腹袋"
	},
	"013D":{
		"label":"とがった牙"
	},
	"013E":{
		"label":"盾虫の甲殻"
	},
	"013F":{
		"label":"盾虫の堅殻"
	},
	"0140":{
		"label":"翼蛇竜の皮"
	},
	"0141":{
		"label":"翼蛇竜の上皮"
	},
	"0142":{
		"label":"縞模様の皮"
	},
	"0143":{
		"label":"翼蛇竜の頭"
	},
	"0144":{
		"label":"ジャギィの鱗"
	},
	"0145":{
		"label":"ジャギィの上鱗"
	},
	"0146":{
		"label":"ジャギィの皮"
	},
	"0147":{
		"label":"鳥竜種の牙"
	},
	"0148":{
		"label":"強靭な鳥竜皮"
	},
	"0149":{
		"label":"狗竜の皮"
	},
	"014A":{
		"label":"狗竜の上皮"
	},
	"014B":{
		"label":"狗竜の爪"
	},
	"014C":{
		"label":"狗竜の尖爪"
	},
	"014D":{
		"label":"王者のエリマキ"
	},
	"014E":{
		"label":"狗竜の頭"
	},
	"014F":{
		"label":"ランポスの鱗"
	},
	"0150":{
		"label":"ランポスの上鱗"
	},
	"0151":{
		"label":"ランポスの皮"
	},
	"0152":{
		"label":"ランポスの上皮"
	},
	"0153":{
		"label":"ドスランポスの皮"
	},
	"0154":{
		"label":"ドスランポスの爪"
	},
	"0155":{
		"label":"ランポスの尖爪"
	},
	"0156":{
		"label":"ドスランポスの頭"
	},
	"0157":{
		"label":"ゲネポスの麻痺爪"
	},
	"0158":{
		"label":"ゲネポスの鱗"
	},
	"0159":{
		"label":"ゲネポスの上鱗"
	},
	"015A":{
		"label":"ゲネポスの皮"
	},
	"015B":{
		"label":"ゲネポスの上皮"
	},
	"015C":{
		"label":"ドスゲネポスの皮"
	},
	"015D":{
		"label":"ドスゲネポスの尾"
	},
	"015E":{
		"label":"ドスゲネポスの頭"
	},
	"015F":{
		"label":"イーオスの毒牙"
	},
	"0160":{
		"label":"イーオスの鱗"
	},
	"0161":{
		"label":"イーオスの上鱗"
	},
	"0162":{
		"label":"イーオスの皮"
	},
	"0163":{
		"label":"イーオスの上皮"
	},
	"0164":{
		"label":"ドスイーオスの皮"
	},
	"0165":{
		"label":"ドスイーオスの頭"
	},
	"0166":{
		"label":"白兎獣の毛"
	},
	"0167":{
		"label":"白兎獣の剛毛"
	},
	"0168":{
		"label":"白兎獣の耳"
	},
	"0169":{
		"label":"白兎獣の大耳"
	},
	"016A":{
		"label":"白兎獣の腹甲"
	},
	"016B":{
		"label":"白兎獣の堅腹甲"
	},
	"016C":{
		"label":"白兎獣の氷爪"
	},
	"016D":{
		"label":"白兎獣の凍爪"
	},
	"016E":{
		"label":"怪鳥の鱗"
	},
	"016F":{
		"label":"怪鳥の上鱗"
	},
	"0170":{
		"label":"怪鳥の甲殻"
	},
	"0171":{
		"label":"怪鳥の堅殻"
	},
	"0172":{
		"label":"怪鳥の耳"
	},
	"0173":{
		"label":"怪鳥の地獄耳"
	},
	"0174":{
		"label":"巨大なクチバシ"
	},
	"0175":{
		"label":"立派なクチバシ"
	},
	"0176":{
		"label":"怪鳥の翼膜"
	},
	"0177":{
		"label":"DUMMY001"
	},
	"0178":{
		"label":"青怪鳥の上鱗"
	},
	"0179":{
		"label":"青怪鳥の堅殻"
	},
	"017A":{
		"label":"ゴム質の皮"
	},
	"017B":{
		"label":"ゴム質の上皮"
	},
	"017C":{
		"label":"毒怪鳥の頭"
	},
	"017D":{
		"label":"ゴム質の紫皮"
	},
	"017E":{
		"label":"毒怪鳥の紫翼"
	},
	"017F":{
		"label":"黒狼鳥の鱗"
	},
	"0180":{
		"label":"黒狼鳥の上鱗"
	},
	"0181":{
		"label":"黒狼鳥の甲殻"
	},
	"0182":{
		"label":"黒狼鳥の堅殻"
	},
	"0183":{
		"label":"黒狼鳥の耳"
	},
	"0184":{
		"label":"黒狼鳥の地獄耳"
	},
	"0185":{
		"label":"尖ったクチバシ"
	},
	"0186":{
		"label":"イかしたクチバシ"
	},
	"0187":{
		"label":"黒狼鳥の翼"
	},
	"0188":{
		"label":"黒狼鳥の尻尾"
	},
	"0189":{
		"label":"黒狼鳥のたてがみ"
	},
	"018A":{
		"label":"奇猿狐の毛"
	},
	"018B":{
		"label":"奇猿狐の剛毛"
	},
	"018C":{
		"label":"奇猿狐の長骨"
	},
	"018D":{
		"label":"奇猿狐の堅長骨"
	},
	"018E":{
		"label":"奇猿狐の鉤爪"
	},
	"018F":{
		"label":"奇猿狐の耳"
	},
	"0190":{
		"label":"奇猿狐の大耳"
	},
	"0191":{
		"label":"奇猿狐の尻尾"
	},
	"0192":{
		"label":"コンガの毛"
	},
	"0193":{
		"label":"コンガの剛毛"
	},
	"0194":{
		"label":"とがった爪"
	},
	"0195":{
		"label":"桃毛獣の毛"
	},
	"0196":{
		"label":"桃毛獣の剛毛"
	},
	"0197":{
		"label":"極彩色の毛"
	},
	"0198":{
		"label":"桃毛獣の爪"
	},
	"0199":{
		"label":"桃毛獣の尖爪"
	},
	"019A":{
		"label":"桃毛獣の牙"
	},
	"019B":{
		"label":"緑毛獣の剛毛"
	},
	"019C":{
		"label":"緑毛獣の鋭牙"
	},
	"019D":{
		"label":"緑毛獣の尖爪"
	},
	"019E":{
		"label":"金獅子の尖角"
	},
	"019F":{
		"label":"金獅子の鋭牙"
	},
	"01A0":{
		"label":"金獅子の黒毛"
	},
	"01A1":{
		"label":"金獅子の尖爪"
	},
	"01A2":{
		"label":"金獅子の尻尾"
	},
	"01A3":{
		"label":"黄金の毛"
	},
	"01A4":{
		"label":"金獅子の怒髪"
	},
	"01A5":{
		"label":"金獅子の闘魂"
	},
	"01A6":{
		"label":"羅刹の金角"
	},
	"01A7":{
		"label":"鬼蛙の鱗"
	},
	"01A8":{
		"label":"鬼蛙の上鱗"
	},
	"01A9":{
		"label":"鬼蛙の甲殻"
	},
	"01AA":{
		"label":"鬼蛙の堅殻"
	},
	"01AB":{
		"label":"鬼蛙の爪"
	},
	"01AC":{
		"label":"鬼蛙の尖爪"
	},
	"01AD":{
		"label":"鬼蛙の大牙"
	},
	"01AE":{
		"label":"鬼蛙の巨大牙"
	},
	"01AF":{
		"label":"厳しい頭骨"
	},
	"01B0":{
		"label":"カワズの油"
	},
	"01B1":{
		"label":"カワズの殿油"
	},
	"01B2":{
		"label":"鮫肌の鱗"
	},
	"01B3":{
		"label":"肉厚な皮"
	},
	"01B4":{
		"label":"肉厚な上皮"
	},
	"01B5":{
		"label":"化け鮫の皮"
	},
	"01B6":{
		"label":"化け鮫の上皮"
	},
	"01B7":{
		"label":"化け鮫の鱗"
	},
	"01B8":{
		"label":"化け鮫の上鱗"
	},
	"01B9":{
		"label":"化け鮫のヒレ"
	},
	"01BA":{
		"label":"化け鮫の上ヒレ"
	},
	"01BB":{
		"label":"化け鮫の鋸歯"
	},
	"01BC":{
		"label":"化け鮫の刃尾"
	},
	"01BD":{
		"label":"絞蛇竜の甲殻"
	},
	"01BE":{
		"label":"絞蛇竜の堅殻"
	},
	"01BF":{
		"label":"絞蛇竜の皮"
	},
	"01C0":{
		"label":"絞蛇竜の上皮"
	},
	"01C1":{
		"label":"絞蛇竜の骨髄"
	},
	"01C2":{
		"label":"絞蛇竜の延髄"
	},
	"01C3":{
		"label":"絞蛇竜の鳴甲"
	},
	"01C4":{
		"label":"絞蛇竜の上鳴甲"
	},
	"01C5":{
		"label":"絞蛇竜の牙"
	},
	"01C6":{
		"label":"寒気立つクチバシ"
	},
	"01C7":{
		"label":"影蜘蛛の甲殻"
	},
	"01C8":{
		"label":"影蜘蛛の堅殻"
	},
	"01C9":{
		"label":"影蜘蛛の鋏角"
	},
	"01CA":{
		"label":"影蜘蛛の堅鋏角"
	},
	"01CB":{
		"label":"影蜘蛛の爪"
	},
	"01CC":{
		"label":"影蜘蛛の鋭爪"
	},
	"01CD":{
		"label":"影蜘蛛の棘"
	},
	"01CE":{
		"label":"影蜘蛛の上棘"
	},
	"01CF":{
		"label":"モンスターの体液"
	},
	"01D0":{
		"label":"モンスターの濃汁"
	},
	"01D1":{
		"label":"徹甲虫の甲殻"
	},
	"01D2":{
		"label":"徹甲虫の堅殻"
	},
	"01D3":{
		"label":"徹甲虫の羽"
	},
	"01D4":{
		"label":"徹甲虫の薄羽"
	},
	"01D5":{
		"label":"徹甲虫の角"
	},
	"01D6":{
		"label":"徹甲虫の尖角"
	},
	"01D7":{
		"label":"重甲虫の甲殻"
	},
	"01D8":{
		"label":"重甲虫の堅殻"
	},
	"01D9":{
		"label":"重甲虫の胸殻"
	},
	"01DA":{
		"label":"重甲虫の堅胸殻"
	},
	"01DB":{
		"label":"重甲虫の爪"
	},
	"01DC":{
		"label":"重甲虫の鋭爪"
	},
	"01DD":{
		"label":"重甲虫の大顎"
	},
	"01DE":{
		"label":"重甲虫の円月尾"
	},
	"01DF":{
		"label":"重甲エキス"
	},
	"01E0":{
		"label":"濃縮重甲エキス"
	},
	"01E1":{
		"label":"ブヨブヨした皮"
	},
	"01E2":{
		"label":"真珠色の柔皮"
	},
	"01E3":{
		"label":"アルビノの中落ち"
	},
	"01E4":{
		"label":"アルビノの霜降り"
	},
	"01E5":{
		"label":"魅惑色の柔皮"
	},
	"01E6":{
		"label":"魅惑色の翼膜"
	},
	"01E7":{
		"label":"雌火竜の鱗"
	},
	"01E8":{
		"label":"雌火竜の上鱗"
	},
	"01E9":{
		"label":"雌火竜の甲殻"
	},
	"01EA":{
		"label":"雌火竜の堅殻"
	},
	"01EB":{
		"label":"雌火竜の翼膜"
	},
	"01EC":{
		"label":"雌火竜の棘"
	},
	"01ED":{
		"label":"雌火竜の上棘"
	},
	"01EE":{
		"label":"雌火竜の逆鱗"
	},
	"01EF":{
		"label":"雌火竜の紅玉"
	},
	"01F0":{
		"label":"桜火竜の上鱗"
	},
	"01F1":{
		"label":"桜火竜の堅殻"
	},
	"01F2":{
		"label":"金火竜の上鱗"
	},
	"01F3":{
		"label":"金火竜の堅殻"
	},
	"01F4":{
		"label":"金火竜の上棘"
	},
	"01F5":{
		"label":"火竜の鱗"
	},
	"01F6":{
		"label":"火竜の上鱗"
	},
	"01F7":{
		"label":"火竜の甲殻"
	},
	"01F8":{
		"label":"火竜の堅殻"
	},
	"01F9":{
		"label":"火竜の翼膜"
	},
	"01FA":{
		"label":"火竜の翼"
	},
	"01FB":{
		"label":"火竜の尻尾"
	},
	"01FC":{
		"label":"火竜の逆鱗"
	},
	"01FD":{
		"label":"火竜の紅玉"
	},
	"01FE":{
		"label":"蒼火竜の上鱗"
	},
	"01FF":{
		"label":"蒼火竜の堅殻"
	},
	"0200":{
		"label":"蒼火竜の尻尾"
	},
	"0201":{
		"label":"蒼火竜の翼"
	},
	"0202":{
		"label":"銀火竜の上鱗"
	},
	"0203":{
		"label":"銀火竜の堅殻"
	},
	"0204":{
		"label":"銀火竜の尻尾"
	},
	"0205":{
		"label":"火竜の翼爪"
	},
	"0206":{
		"label":"火竜の骨髓"
	},
	"0207":{
		"label":"火竜の延髓"
	},
	"0208":{
		"label":"火竜の煌液"
	},
	"0209":{
		"label":"雷狼竜の甲殻"
	},
	"020A":{
		"label":"雷狼竜の堅殻"
	},
	"020B":{
		"label":"雷狼竜の帯電毛"
	},
	"020C":{
		"label":"雷狼竜の高電毛"
	},
	"020D":{
		"label":"雷狼竜の角"
	},
	"020E":{
		"label":"雷狼竜の尖角"
	},
	"020F":{
		"label":"雷狼竜の爪"
	},
	"0210":{
		"label":"雷狼竜の尖爪"
	},
	"0211":{
		"label":"雷狼竜の尻尾"
	},
	"0212":{
		"label":"雷狼竜の蓄電殻"
	},
	"0213":{
		"label":"雷狼竜の高電殻"
	},
	"0214":{
		"label":"雷狼竜の逆鱗"
	},
	"0215":{
		"label":"雷狼竜の碧玉"
	},
	"0216":{
		"label":"獄狼竜の堅殻"
	},
	"0217":{
		"label":"獄狼竜の尖角"
	},
	"0218":{
		"label":"獄狼竜の尖爪"
	},
	"0219":{
		"label":"獄狼竜の尻尾"
	},
	"021A":{
		"label":"獄狼竜の龍殻"
	},
	"021B":{
		"label":"蝕龍蟲"
	},
	"021C":{
		"label":"獄狼竜の龍毛"
	},
	"021D":{
		"label":"獄狼竜の昏玉"
	},
	"021E":{
		"label":"砕竜の甲殻"
	},
	"021F":{
		"label":"砕竜の堅殻"
	},
	"0220":{
		"label":"砕竜の黒曜甲"
	},
	"0221":{
		"label":"砕竜の堅黒曜甲"
	},
	"0222":{
		"label":"砕竜の頭殻"
	},
	"0223":{
		"label":"砕竜の尖頭殻"
	},
	"0224":{
		"label":"なぞの粘菌"
	},
	"0225":{
		"label":"砕竜の拳"
	},
	"0226":{
		"label":"砕竜の剛拳"
	},
	"0227":{
		"label":"再竜の尻尾"
	},
	"0228":{
		"label":"砕竜の骨髓"
	},
	"0229":{
		"label":"砕竜の宝玉"
	},
	"022A":{
		"label":"岩竜の甲殻"
	},
	"022B":{
		"label":"岩竜の堅殻"
	},
	"022C":{
		"label":"岩竜の翼"
	},
	"022D":{
		"label":"岩竜の涙"
	},
	"022E":{
		"label":"桃岩竜の翼"
	},
	"022F":{
		"label":"桃岩竜の堅殻"
	},
	"0230":{
		"label":"鎧竜の甲殻"
	},
	"0231":{
		"label":"鎧竜の堅殻"
	},
	"0232":{
		"label":"鎧竜の頭殻"
	},
	"0233":{
		"label":"鎧竜の延髓"
	},
	"0234":{
		"label":"鎧竜の翼"
	},
	"0235":{
		"label":"黒鎧竜の堅殻"
	},
	"0236":{
		"label":"黒鎧竜の頭殻"
	},
	"0237":{
		"label":"轟竜の鱗"
	},
	"0238":{
		"label":"轟竜の上鱗"
	},
	"0239":{
		"label":"轟竜の甲殻"
	},
	"023A":{
		"label":"轟竜の堅殻"
	},
	"023B":{
		"label":"轟竜の尻尾"
	},
	"023C":{
		"label":"轟竜の爪"
	},
	"023D":{
		"label":"轟竜の尖爪"
	},
	"023E":{
		"label":"轟竜の牙"
	},
	"023F":{
		"label":"轟竜の鋭牙"
	},
	"0240":{
		"label":"轟竜の頭殻"
	},
	"0241":{
		"label":"轟竜のアギト"
	},
	"0242":{
		"label":"黒轟竜の上鱗"
	},
	"0243":{
		"label":"黒轟竜の堅殻"
	},
	"0244":{
		"label":"黒轟竜の尖爪"
	},
	"0245":{
		"label":"黒轟竜の鋭牙"
	},
	"0246":{
		"label":"大轟竜の上鱗"
	},
	"0247":{
		"label":"大轟竜の堅殻"
	},
	"0248":{
		"label":"大轟竜の爆爪"
	},
	"0249":{
		"label":"大轟竜の鋭牙"
	},
	"024A":{
		"label":"大轟竜の尻尾"
	},
	"024B":{
		"label":"脈動する爆心"
	},
	"024C":{
		"label":"黒蝕竜の鱗"
	},
	"024D":{
		"label":"黒蝕竜の上鱗"
	},
	"024E":{
		"label":"黒蝕竜の甲殻"
	},
	"024F":{
		"label":"黒蝕竜の堅殻"
	},
	"0250":{
		"label":"黒蝕竜の闇翼"
	},
	"0251":{
		"label":"黒蝕竜の上闇翼"
	},
	"0252":{
		"label":"黒蝕竜の惨爪"
	},
	"0253":{
		"label":"黒蝕竜の鋭惨爪"
	},
	"0254":{
		"label":"黒蝕竜の尻尾"
	},
	"0255":{
		"label":"黒蝕竜の逆鱗"
	},
	"0256":{
		"label":"黒蝕竜の闇玉"
	},
	"0257":{
		"label":"黒蝕竜の触角"
	},
	"0258":{
		"label":"黒蝕竜の鋭触覚"
	},
	"0259":{
		"label":"穢れた竜鱗"
	},
	"025A":{
		"label":"天迴龍の鱗"
	},
	"025B":{
		"label":"天迴龍の上鱗"
	},
	"025C":{
		"label":"天迴龍の甲殻"
	},
	"025D":{
		"label":"天迴龍の堅殻"
	},
	"025E":{
		"label":"天迴龍の虹翼"
	},
	"025F":{
		"label":"天迴龍の上虹翼"
	},
	"0260":{
		"label":"天迴龍の浄爪"
	},
	"0261":{
		"label":"天迴龍の鋭浄爪"
	},
	"0262":{
		"label":"天迴龍の尻尾"
	},
	"0263":{
		"label":"天廻龍の逆鱗"
	},
	"0264":{
		"label":"天廻龍の光玉"
	},
	"0265":{
		"label":"天迴龍の角"
	},
	"0266":{
		"label":"天迴龍の尖角"
	},
	"0267":{
		"label":"純白の龍鱗"
	},
	"0268":{
		"label":"恐暴竜の黒鱗"
	},
	"0269":{
		"label":"恐暴竜の黒皮"
	},
	"026A":{
		"label":"恐暴竜の大牙"
	},
	"026B":{
		"label":"恐暴竜の鉤爪"
	},
	"026C":{
		"label":"恐暴竜の頭殻"
	},
	"026D":{
		"label":"恐暴竜の尻尾"
	},
	"026E":{
		"label":"恐暴竜の唾液"
	},
	"026F":{
		"label":"ドス黒い血"
	},
	"0270":{
		"label":"歴戦の漆黒皮"
	},
	"0271":{
		"label":"恐暴竜の宝玉"
	},
	"0272":{
		"label":"キリンの雷角"
	},
	"0273":{
		"label":"キリンの皮"
	},
	"0274":{
		"label":"キリンの上皮"
	},
	"0275":{
		"label":"キリンのたてがみ"
	},
	"0276":{
		"label":"キリンの雷尾"
	},
	"0277":{
		"label":"キリンの蒼角"
	},
	"0278":{
		"label":"キリンの氷角"
	},
	"0279":{
		"label":"キリンの霜尾"
	},
	"027A":{
		"label":"鋼の龍鱗"
	},
	"027B":{
		"label":"鋼龍の堅殻"
	},
	"027C":{
		"label":"鋼龍の尖爪"
	},
	"027D":{
		"label":"鋼龍の尻尾"
	},
	"027E":{
		"label":"鋼龍の翼膜"
	},
	"027F":{
		"label":"鋼龍の尖角"
	},
	"0280":{
		"label":"鋼龍の宝玉"
	},
	"0281":{
		"label":"炎王龍の堅殻"
	},
	"0282":{
		"label":"炎王龍のたてがみ"
	},
	"0283":{
		"label":"炎王龍の尻尾"
	},
	"0284":{
		"label":"炎王龍の尖角"
	},
	"0285":{
		"label":"獄炎の龍鱗"
	},
	"0286":{
		"label":"炎龍の尖爪"
	},
	"0287":{
		"label":"炎龍の翼膜"
	},
	"0288":{
		"label":"炎龍の塵粉"
	},
	"0289":{
		"label":"炎龍の宝玉"
	},
	"028A":{
		"label":"豪山龍の甲岩殻"
	},
	"028B":{
		"label":"豪山龍の堅岩殻"
	},
	"028C":{
		"label":"豪山龍の紅鱗"
	},
	"028D":{
		"label":"豪山龍の上紅鱗"
	},
	"028E":{
		"label":"豪山龍の腕甲"
	},
	"028F":{
		"label":"豪山龍の上腕甲"
	},
	"0290":{
		"label":"荒々しい龍角"
	},
	"0291":{
		"label":"荒々しい龍尖角"
	},
	"0292":{
		"label":"豪龍岩"
	},
	"0293":{
		"label":"大地の龍玉"
	},
	"0294":{
		"label":"覇龍の上鱗"
	},
	"0295":{
		"label":"覇龍の堅殻"
	},
	"0296":{
		"label":"覇龍の尻尾"
	},
	"0297":{
		"label":"覇龍の剛爪"
	},
	"0298":{
		"label":"覇龍の大牙"
	},
	"0299":{
		"label":"覇龍の大棘"
	},
	"029A":{
		"label":"覇竜の宝玉"
	},
	"029B":{
		"label":"黒龍の角"
	},
	"029C":{
		"label":"黒龍の鱗"
	},
	"029D":{
		"label":"黒龍の甲殻"
	},
	"029E":{
		"label":"黒龍の眼"
	},
	"029F":{
		"label":"黒龍の翼膜"
	},
	"02A0":{
		"label":"黒龍の紅角"
	},
	"02A1":{
		"label":"黒龍の紅鱗"
	},
	"02A2":{
		"label":"黒龍の紅殻"
	},
	"02A3":{
		"label":"黒龍の魔眼"
	},
	"02A4":{
		"label":"黒龍の紅翼"
	},
	"02A5":{
		"label":"蛇王龍の鋼皮"
	},
	"02A6":{
		"label":"蛇王龍の尾鱗"
	},
	"02A7":{
		"label":"蛇王龍の睨眼"
	},
	"02A8":{
		"label":"蛇王龍の胸殻"
	},
	"02A9":{
		"label":"蛇王龍の剣鱗"
	},
	"02AA":{
		"label":"蛇王龍の鉤爪"
	},
	"02AB":{
		"label":"蛇王龍の尾殻"
	},
	"02AC":{
		"label":"蛇王龍の扇刃"
	},
	"02AD":{
		"label":"渦巻骨"
	},
	"02AE":{
		"label":"天剣の龍玉"
	},
	"02AF":{
		"label":"凶星の破片"
	},
	"02B0":{
		"label":"狂竜結晶の欠片"
	},
	"02B1":{
		"label":"狂竜結晶"
	},
	"02B2":{
		"label":"禍々しい狂竜結晶"
	},
	"02B3":{
		"label":"エビの小殻"
	},
	"02B4":{
		"label":"エビの尾扇"
	},
	"02B5":{
		"label":"水竜の鱗"
	},
	"02B6":{
		"label":"水竜のヒレ"
	},
	"02B7":{
		"label":"青熊獣の甲殻"
	},
	"02B8":{
		"label":"青熊獣の毛"
	},
	"02B9":{
		"label":"水獣の爪"
	},
	"02BA":{
		"label":"海綿質の皮"
	},
	"02BB":{
		"label":"極彩色の羽根"
	},
	"02BC":{
		"label":"へんなクチバシ"
	},
	"02BD":{
		"label":"土砂竜の甲殻"
	},
	"02BE":{
		"label":"土砂竜の頭殻"
	},
	"02BF":{
		"label":"潜口竜の皮"
	},
	"02C0":{
		"label":"鮮やかな体液"
	},
	"02C1":{
		"label":"鎌蟹の甲殻"
	},
	"02C2":{
		"label":"鎌蟹の鋏"
	},
	"02C3":{
		"label":"爆鎚竜の骨髓"
	},
	"02C4":{
		"label":"爆鎚竜の耐熱殻"
	},
	"02C5":{
		"label":"迅竜の黒毛"
	},
	"02C6":{
		"label":"迅竜の骨髓"
	},
	"02C7":{
		"label":"迅竜の刃翼"
	},
	"02C8":{
		"label":"尾槌竜の苔甲"
	},
	"02C9":{
		"label":"尾槌竜の角"
	},
	"02CA":{
		"label":"溶岩竜の鱗"
	},
	"02CB":{
		"label":"溶岩竜のヒレ"
	},
	"02CC":{
		"label":"角竜の甲殻"
	},
	"02CD":{
		"label":"上質ねじれた角"
	},
	"02CE":{
		"label":"老山龍の甲殻"
	},
	"02CF":{
		"label":"老山龍の大爪"
	},
	"02D0":{
		"label":"老山龍の角"
	},
	"02D1":{
		"label":"ランゴスタの薄羽"
	},
	"02D2":{
		"label":"砂竜の上ヒレ"
	},
	"02D3":{
		"label":"砂竜の上鱗"
	},
	"02D4":{
		"label":"盾蟹の堅殻"
	},
	"02D5":{
		"label":"盾蟹の尖爪"
	},
	"02D6":{
		"label":"灯魚竜の上皮"
	},
	"02D7":{
		"label":"灯魚竜の上棘"
	},
	"02D8":{
		"label":"赤甲獣の堅殻"
	},
	"02D9":{
		"label":"琥珀色の鋭牙"
	},
	"02DA":{
		"label":"氷牙竜の上毛皮"
	},
	"02DB":{
		"label":"雪獅子の剛毛"
	},
	"02DC":{
		"label":"雪獅子の髭"
	},
	"02DD":{
		"label":"雪獅子の鋭牙"
	},
	"02DE":{
		"label":"海竜の高電殻"
	},
	"02DF":{
		"label":"海竜の蒼玉"
	},
	"02E0":{
		"label":"炎戈竜の堅殻"
	},
	"02E1":{
		"label":"炎戈竜の上ヒレ"
	},
	"02E2":{
		"label":"炎妃龍の堅殻"
	},
	"02E3":{
		"label":"炎妃龍のたてがみ"
	},
	"02E4":{
		"label":"霞龍の上皮"
	},
	"02E5":{
		"label":"霞龍の宝玉"
	},
	"02E6":{
		"label":"霞龍の尻尾"
	},
	"02E7":{
		"label":"浮岳龍の体液"
	},
	"02E8":{
		"label":"神龍木"
	},
	"02E9":{
		"label":"神龍苔"
	},
	"02EA":{
		"label":"崩龍の削顎"
	},
	"02EB":{
		"label":"崩龍の堅殻"
	},
	"02EC":{
		"label":"崩龍の宝玉"
	},
	"02ED":{
		"label":"砦蟹の鋏"
	},
	"02EE":{
		"label":"砦蟹の堅甲"
	},
	"02EF":{
		"label":"砦蟹の尖爪"
	},
	"02F0":{
		"label":"大海龍の甲皮"
	},
	"02F1":{
		"label":"湾曲した龍角"
	},
	"02F2":{
		"label":"神秘の発光体"
	},
	"02F3":{
		"label":"煌黒龍の逆鱗"
	},
	"02F4":{
		"label":"煌黒龍の翼膜"
	},
	"02F5":{
		"label":"天をつらぬく角"
	},
	"02F6":{
		"label":"さびた塊"
	},
	"02F7":{
		"label":"太古の塊"
	},
	"02F8":{
		"label":"さびた破片"
	},
	"02F9":{
		"label":"太古の破片"
	},
	"02FA":{
		"label":"傷ついた武器"
	},
	"02FB":{
		"label":"傷ついた防具"
	},
	"02FC":{
		"label":"歴戦の武器"
	},
	"02FD":{
		"label":"歴戦の防具"
	},
	"02FE":{
		"label":"栄光の武器"
	},
	"02FF":{
		"label":"栄光の防具"
	},
	"0300":{
		"label":"地図"
	},
	"0301":{
		"label":"応急薬"
	},
	"0302":{
		"label":"応急薬グレート"
	},
	"0303":{
		"label":"携帯食料"
	},
	"0304":{
		"label":"携帯肉焼きセット"
	},
	"0305":{
		"label":"携帯砥石"
	},
	"0306":{
		"label":"携帯シビレ罠"
	},
	"0307":{
		"label":"支給専用閃光玉"
	},
	"0308":{
		"label":"支給専用音爆弾"
	},
	"0309":{
		"label":"支給専用秘薬"
	},
	"030A":{
		"label":"支給専用落とし穴"
	},
	"030B":{
		"label":"支給用大タル爆弾"
	},
	"030C":{
		"label":"バリスタの弾"
	},
	"030D":{
		"label":"バリスタ用拘束弾"
	},
	"030E":{
		"label":"単発式拘束弾"
	},
	"030F":{
		"label":"大砲の弾"
	},
	"0310":{
		"label":"対巨龍爆弾"
	},
	"0311":{
		"label":"たいまつ"
	},
	"0312":{
		"label":"ネコタクチケット"
	},
	"0313":{
		"label":"特産キノコ"
	},
	"0314":{
		"label":"厳選キノコ"
	},
	"0315":{
		"label":"熟成キノコ"
	},
	"0316":{
		"label":"黄金魚"
	},
	"0317":{
		"label":"白金魚"
	},
	"0318":{
		"label":"ロイヤルカブト"
	},
	"0319":{
		"label":"硫黄結晶"
	},
	"031A":{
		"label":"黄金石の塊"
	},
	"031B":{
		"label":"竜骨結晶"
	},
	"031C":{
		"label":"血石"
	},
	"031D":{
		"label":"燃石炭"
	},
	"031E":{
		"label":"化石骨"
	},
	"031F":{
		"label":"霞ヶ草"
	},
	"0320":{
		"label":"朽ちた龍鱗"
	},
	"0321":{
		"label":"小さなかけら"
	},
	"0322":{
		"label":"幸運のかけら"
	},
	"0323":{
		"label":"激運のかけら"
	},
	"0324":{
		"label":"ホワイトレバー"
	},
	"0325":{
		"label":"垂皮油"
	},
	"0326":{
		"label":"秘密のポーチ"
	},
	"0327":{
		"label":"まんまるドングリ"
	},
	"0328":{
		"label":"きれいな腹袋"
	},
	"0329":{
		"label":"輝く腹袋"
	},
	"032A":{
		"label":"モンスターのキモ"
	},
	"032B":{
		"label":"ポポノタン"
	},
	"032C":{
		"label":"ガーグァの卵"
	},
	"032D":{
		"label":"ガーグァの金の卵"
	},
	"032E":{
		"label":"飛竜の卵"
	},
	"032F":{
		"label":"草食竜の卵"
	},
	"0330":{
		"label":"灰水晶の原石"
	},
	"0331":{
		"label":"火薬岩"
	},
	"0332":{
		"label":"ガーグァのフン"
	},
	"0333":{
		"label":"なわばりのフン"
	},
	"0334":{
		"label":"なわばりの大フン"
	},
	"0335":{
		"label":"兵隊のフェロモン"
	},
	"0336":{
		"label":"女王のフェロモン"
	},
	"0337":{
		"label":"ガマのナミダ"
	},
	"0338":{
		"label":"ガマの大粒ナミダ"
	},
	"0339":{
		"label":"竜のナミダ"
	},
	"033A":{
		"label":"竜の大粒ナミダ"
	},
	"033B":{
		"label":"牙獣のナミダ"
	},
	"033C":{
		"label":"牙獣の大粒ナミダ"
	},
	"033D":{
		"label":"龍秘宝"
	},
	"033E":{
		"label":"いにしえの龍秘宝"
	},
	"033F":{
		"label":"闘技王のコイン"
	},
	"0340":{
		"label":"狩猟王のコイン"
	},
	"0341":{
		"label":"撃龍王のコイン"
	},
	"0342":{
		"label":"牙獣のコイン"
	},
	"0343":{
		"label":"飛竜のコイン"
	},
	"0344":{
		"label":"鳥竜のコイン"
	},
	"0345":{
		"label":"牙竜のコイン"
	},
	"0346":{
		"label":"獣竜のコイン"
	},
	"0347":{
		"label":"森のコイン"
	},
	"0348":{
		"label":"ガマのコイン"
	},
	"0349":{
		"label":"DUMMY002"
	},
	"034A":{
		"label":"お食事券"
	},
	"034B":{
		"label":"高級お食事券"
	},
	"034C":{
		"label":"スタジオパス"
	},
	"034D":{
		"label":"財宝Jチケット"
	},
	"034E":{
		"label":"50ベリーの手配書"
	},
	"034F":{
		"label":"ケロンスター"
	},
	"0350":{
		"label":"マガジンチケット"
	},
	"0351":{
		"label":"武装への招待状"
	},
	"0352":{
		"label":"ファミ通チケット"
	},
	"0353":{
		"label":"古き大妖の牙"
	},
	"0354":{
		"label":"モンハン部入部届"
	},
	"0355":{
		"label":"モンクロチケット"
	},
	"0356":{
		"label":"スタジオGパス"
	},
	"0357":{
		"label":"スタジオPパス"
	},
	"0358":{
		"label":"海賊Jチケット"
	},
	"0359":{
		"label":"伝説Jの碇"
	},
	"035A":{
		"label":"伝説Jの海賊帽"
	},
	"035B":{
		"label":"億越えの手配書"
	},
	"035C":{
		"label":"賞金首の手配書"
	},
	"035D":{
		"label":"バルバレチケット"
	},
	"035E":{
		"label":"冥天の星くず"
	},
	"035F":{
		"label":"鈴蘭最強の証"
	},
	"0360":{
		"label":"地上最強の証明"
	},
	"0361":{
		"label":"任侠立ちの画"
	},
	"0362":{
		"label":"ユニクロチケット"
	},
	"0363":{
		"label":"エンブレチケット"
	},
	"0364":{
		"label":"サンデーチケット"
	},
	"0365":{
		"label":"エゾノーチケット"
	},
	"0366":{
		"label":"コロコロチケット"
	},
	"0367":{
		"label":"デンゲキチケット"
	},
	"0368":{
		"label":"電撃Gチケット"
	},
	"0369":{
		"label":"カブ本狩猟増刊号"
	},
	"036A":{
		"label":"モンハン部認定証"
	},
	"036B":{
		"label":"トライフォース"
	},
	"036C":{
		"label":"女神の炎"
	},
	"036D":{
		"label":"スーパーキノコ"
	},
	"036E":{
		"label":"DUMMY003"
	},
	"036F":{
		"label":"豪山龍チケット"
	},
	"0370":{
		"label":"DUMMY004"
	},
	"0371":{
		"label":"蛇王龍チケット"
	},
	"0372":{
		"label":"金獅子チケット"
	},
	"0373":{
		"label":"黒蝕竜チケット"
	},
	"0374":{
		"label":"蛇と蛙チケット"
	},
	"0375":{
		"label":"幻獣チケット"
	},
	"0376":{
		"label":"勇気の証"
	},
	"0377":{
		"label":"勇気の証G"
	},
	"0378":{
		"label":"希望の証"
	},
	"0379":{
		"label":"希望の証G"
	},
	"037A":{
		"label":"旅団チケット"
	},
	"037B":{
		"label":"オトモチケット"
	},
	"037C":{
		"label":"ニャンターの証"
	},
	"037D":{
		"label":"探求者の証"
	},
	"037E":{
		"label":"鋼龍チケット"
	},
	"037F":{
		"label":"炎王龍チケット"
	},
	"0380":{
		"label":"肉球のスタンプ"
	},
	"0381":{
		"label":"山菜組引換券"
	},
	"0382":{
		"label":"山菜組引換券G"
	},
	"0383":{
		"label":"鋼の山菜組引換券"
	},
	"0384":{
		"label":"銀の山菜組引換券"
	},
	"0385":{
		"label":"金の山菜組引換券"
	},
	"0386":{
		"label":"素朴な端材"
	},
	"0387":{
		"label":"粋な端材"
	},
	"0388":{
		"label":"丸鳥の端材"
	},
	"0389":{
		"label":"青熊獣の端材"
	},
	"038A":{
		"label":"奇猿狐の端材"
	},
	"038B":{
		"label":"怪鳥の端材"
	},
	"038C":{
		"label":"飛甲虫の端材"
	},
	"038D":{
		"label":"大猪の端材"
	},
	"038E":{
		"label":"草食竜の端材"
	},
	"038F":{
		"label":"狗竜の端材"
	},
	"0390":{
		"label":"影蜘蛛の端材"
	},
	"0391":{
		"label":"彩鳥の端材"
	},
	"0392":{
		"label":"化け鮫の端材"
	},
	"0393":{
		"label":"白兎獣の端材"
	},
	"0394":{
		"label":"鬼蛙の端材"
	},
	"0395":{
		"label":"土砂竜の端材"
	},
	"0396":{
		"label":"垂皮竜の端材"
	},
	"0397":{
		"label":"赤甲獣の端材"
	},
	"0398":{
		"label":"轟竜の端材"
	},
	"0399":{
		"label":"眠狗竜の端材"
	},
	"039A":{
		"label":"潜口竜の端材"
	},
	"039B":{
		"label":"重甲虫の端材"
	},
	"039C":{
		"label":"爆鎚竜の端材"
	},
	"039D":{
		"label":"毒狗竜の端材"
	},
	"039E":{
		"label":"角竜の端材"
	},
	"039F":{
		"label":"雌火竜の端材"
	},
	"03A0":{
		"label":"ブヨブヨした端材"
	},
	"03A1":{
		"label":"尾槌竜の端材"
	},
	"03A2":{
		"label":"雷狼竜の端材"
	},
	"03A3":{
		"label":"迅竜の端材"
	},
	"03A4":{
		"label":"火竜の端材"
	},
	"03A5":{
		"label":"炎戈竜の端材"
	},
	"03A6":{
		"label":"絞蛇竜の端材"
	},
	"03A7":{
		"label":"黒蝕竜の端材"
	},
	"03A8":{
		"label":"天廻龍の端材"
	},
	"03A9":{
		"label":"炎王龍の端材"
	},
	"03AA":{
		"label":"恐暴竜の端材"
	},
	"03AB":{
		"label":"覇竜の端材"
	},
	"03AC":{
		"label":"煌黒龍の端材"
	},
	"03AD":{
		"label":"鋼龍の端材"
	},
	"03AE":{
		"label":"崩竜の端材"
	},
	"03AF":{
		"label":"キリンの端材"
	},
	"03B0":{
		"label":"毒怪鳥の端材"
	},
	"03B1":{
		"label":"金獅子の端材"
	},
	"03B2":{
		"label":"砕竜の端材"
	},
	"03B3":{
		"label":"氷牙竜の端材"
	},
	"03B4":{
		"label":"嵐龍の端材"
	},
	"03B5":{
		"label":"豪山龍の端材"
	},
	"03B6":{
		"label":"峯山龍の端材"
	},
	"03B7":{
		"label":"蛇王龍の端材"
	},
	"03B8":{
		"label":"水獣の端材"
	},
	"03B9":{
		"label":"水竜の端材"
	},
	"03BA":{
		"label":"海竜の端材"
	},
	"03BB":{
		"label":"水光原珠"
	},
	"03BC":{
		"label":"陽翔原珠"
	},
	"03BD":{
		"label":"修羅原珠"
	},
	"03BE":{
		"label":"瑠璃原珠"
	},
	"03BF":{
		"label":"金剛原珠"
	},
	"03C0":{
		"label":"耐毒珠【1】",
		"comment":"毒+1"
	},
	"03C1":{
		"label":"耐毒珠【2】",
		"comment":"毒+3"
	},
	"03C2":{
		"label":"耐痺珠【1】",
		"comment":"麻痺+1"
	},
	"03C3":{
		"label":"耐痺珠【2】",
		"comment":"麻痺+3"
	},
	"03C4":{
		"label":"耐眠珠【1】",
		"comment":"睡眠+1"
	},
	"03C5":{
		"label":"耐眠珠【2】",
		"comment":"睡眠+3"
	},
	"03C6":{
		"label":"耐絶珠【1】",
		"comment":"気絶+1"
	},
	"03C7":{
		"label":"制絶珠【1】",
		"comment":"気絶+2"
	},
	"03C8":{
		"label":"耐粘珠【1】",
		"comment":"耐泥耐雪+1"
	},
	"03C9":{
		"label":"抗粘珠【1】",
		"comment":"耐泥耐雪+2"
	},
	"03CA":{
		"label":"忍脚珠【1】",
		"comment":"気配+2"
	},
	"03CB":{
		"label":"体力珠【1】",
		"comment":"体力+2"
	},
	"03CC":{
		"label":"早復珠【1】",
		"comment":"回復速度+1"
	},
	"03CD":{
		"label":"早復珠【2】",
		"comment":"回復速度+3"
	},
	"03CE":{
		"label":"斬鉄珠【1】",
		"comment":"斬れ味+1"
	},
	"03CF":{
		"label":"斬鉄珠【3】",
		"comment":"斬れ味+4"
	},
	"03D0":{
		"label":"匠珠【2】",
		"comment":"匠+1"
	},
	"03D1":{
		"label":"匠珠【3】",
		"comment":"匠+2"
	},
	"03D2":{
		"label":"剣豪珠【1】",
		"comment":"剣術+1"
	},
	"03D3":{
		"label":"剣豪珠【3】",
		"comment":"剣術+4"
	},
	"03D4":{
		"label":"達人珠【1】",
		"comment":"達人+1"
	},
	"03D5":{
		"label":"達人珠【2】",
		"comment":"達人+3"
	},
	"03D6":{
		"label":"達人珠【3】",
		"comment":"達人+5"
	},
	"03D7":{
		"label":"研磨珠【1】",
		"comment":"研ぎ師+2"
	},
	"03D8":{
		"label":"鉄壁珠【1】",
		"comment":"ガード性能+1"
	},
	"03D9":{
		"label":"鉄壁珠【2】",
		"comment":"ガード性能+3"
	},
	"03DA":{
		"label":"強壁珠【1】",
		"comment":"ガード強化+1"
	},
	"03DB":{
		"label":"強壁珠【2】",
		"comment":"ガード強化+3"
	},
	"03DC":{
		"label":"早填珠【1】",
		"comment":"装填速度+1"
	},
	"03DD":{
		"label":"早填珠【2】",
		"comment":"装填速度+3"
	},
	"03DE":{
		"label":"抑反珠【1】",
		"comment":"反動+1"
	},
	"03DF":{
		"label":"抑反珠【3】",
		"comment":"反動+4"
	},
	"03E0":{
		"label":"強弾珠【1】",
		"comment":"通常弾強化+1"
	},
	"03E1":{
		"label":"強弾珠【3】",
		"comment":"通常弾強化+4"
	},
	"03E2":{
		"label":"貫通珠【1】",
		"comment":"貫通弾強化+1"
	},
	"03E3":{
		"label":"貫通珠【3】",
		"comment":"貫通弾強化+4"
	},
	"03E4":{
		"label":"散弾珠【1】",
		"comment":"散弾強化+1"
	},
	"03E5":{
		"label":"散弾珠【3】",
		"comment":"散弾強化+4"
	},
	"03E6":{
		"label":"加弾珠【1】",
		"comment":"通常弾追加+1"
	},
	"03E7":{
		"label":"加弾珠【2】",
		"comment":"通常弾追加+3"
	},
	"03E8":{
		"label":"加貫珠【1】",
		"comment":"貫通弾追加+2"
	},
	"03E9":{
		"label":"加散珠【1】",
		"comment":"散弾追加+2"
	},
	"03EA":{
		"label":"加榴珠【1】",
		"comment":"榴弾追加+2"
	},
	"03EB":{
		"label":"加拡珠【1】",
		"comment":"拡散弾追加+1"
	},
	"03EC":{
		"label":"特攻珠【1】",
		"comment":"特殊攻撃+1"
	},
	"03ED":{
		"label":"特攻珠【2】",
		"comment":"特殊攻撃+3"
	},
	"03EE":{
		"label":"属攻珠【1】",
		"comment":"属性攻撃+1"
	},
	"03EF":{
		"label":"属攻珠【3】",
		"comment":"属性攻撃+4"
	},
	"03F0":{
		"label":"爆師珠【1】",
		"comment":"爆弾強化+2"
	},
	"03F1":{
		"label":"無食珠【1】",
		"comment":"腹減り+2"
	},
	"03F2":{
		"label":"食漢珠【1】",
		"comment":"食いしん坊+2"
	},
	"03F3":{
		"label":"攻撃珠【1】",
		"comment":"攻撃+1"
	},
	"03F4":{
		"label":"攻撃珠【2】",
		"comment":"攻撃+3"
	},
	"03F5":{
		"label":"攻撃珠【3】",
		"comment":"攻撃+5"
	},
	"03F6":{
		"label":"防御珠【1】",
		"comment":"防御+1"
	},
	"03F7":{
		"label":"防御珠【2】",
		"comment":"防御+3"
	},
	"03F8":{
		"label":"加護珠【1】",
		"comment":"加護+1"
	},
	"03F9":{
		"label":"神護珠【1】",
		"comment":"加護+2"
	},
	"03FA":{
		"label":"防音珠【1】",
		"comment":"聴覚保護+1"
	},
	"03FB":{
		"label":"防音珠【3】",
		"comment":"聴覚保護+4"
	},
	"03FC":{
		"label":"防盗珠【1】",
		"comment":"盗み無効+2"
	},
	"03FD":{
		"label":"友愛珠【1】",
		"comment":"広域+1"
	},
	"03FE":{
		"label":"友愛珠【2】",
		"comment":"広域+3"
	},
	"03FF":{
		"label":"運搬珠【1】",
		"comment":"運搬+2"
	},
	"0400":{
		"label":"耐火珠【1】",
		"comment":"火耐性+1"
	},
	"0401":{
		"label":"耐水珠【1】",
		"comment":"水耐性+1"
	},
	"0402":{
		"label":"耐氷珠【1】",
		"comment":"氷耐性+1"
	},
	"0403":{
		"label":"耐雷珠【1】",
		"comment":"雷耐性+1"
	},
	"0404":{
		"label":"耐龍珠【1】",
		"comment":"龍耐性+1"
	},
	"0405":{
		"label":"耐暑珠【1】",
		"comment":"耐暑+2"
	},
	"0406":{
		"label":"耐寒珠【1】",
		"comment":"耐寒+2"
	},
	"0407":{
		"label":"防風珠【1】",
		"comment":"風圧+1"
	},
	"0408":{
		"label":"防風珠【2】",
		"comment":"風圧+3"
	},
	"0409":{
		"label":"採取珠【1】",
		"comment":"採取+2"
	},
	"040A":{
		"label":"速集珠【1】",
		"comment":"高速収集+2"
	},
	"040B":{
		"label":"祝福珠【1】",
		"comment":"気まぐれ+2"
	},
	"040C":{
		"label":"運気珠【1】",
		"comment":"運気+1"
	},
	"040D":{
		"label":"運気珠【3】",
		"comment":"運気+4"
	},
	"040E":{
		"label":"千里珠【1】",
		"comment":"千里眼+2"
	},
	"040F":{
		"label":"治癒珠【1】",
		"comment":"回復量+1"
	},
	"0410":{
		"label":"治癒珠【2】",
		"comment":"回復量+3"
	},
	"0411":{
		"label":"博士珠【1】",
		"comment":"調合成功率+2"
	},
	"0412":{
		"label":"弾製珠【1】",
		"comment":"調合数+2"
	},
	"0413":{
		"label":"回避珠【1】",
		"comment":"回避性能+1"
	},
	"0414":{
		"label":"回避珠【2】",
		"comment":"回避性能+3"
	},
	"0415":{
		"label":"底力珠【1】",
		"comment":"底力+1"
	},
	"0416":{
		"label":"底力珠【2】",
		"comment":"底力+3"
	},
	"0417":{
		"label":"持続珠【1】",
		"comment":"効果持続+2"
	},
	"0418":{
		"label":"強走珠【1】",
		"comment":"スタミナ+1"
	},
	"0419":{
		"label":"強走珠【3】",
		"comment":"スタミナ+4"
	},
	"041A":{
		"label":"装填珠【2】",
		"comment":"装填数+1"
	},
	"041B":{
		"label":"装填珠【3】",
		"comment":"装填数+2"
	},
	"041C":{
		"label":"点射珠【1】",
		"comment":"装填速度+2"
	},
	"041D":{
		"label":"早食珠【1】",
		"comment":"食事+1"
	},
	"041E":{
		"label":"早食珠【3】",
		"comment":"食事+4"
	},
	"041F":{
		"label":"皮剥珠【1】",
		"comment":"剥ぎ取り+1"
	},
	"0420":{
		"label":"皮剥珠【3】",
		"comment":"剥ぎ取り+4"
	},
	"0421":{
		"label":"耐震珠【1】",
		"comment":"耐震+1"
	},
	"0422":{
		"label":"抗震珠【1】",
		"comment":"耐震+2"
	},
	"0423":{
		"label":"跳躍珠【1】",
		"comment":"回避距離+1"
	},
	"0424":{
		"label":"抜刀珠【1】",
		"comment":"抜刀会心+1"
	},
	"0425":{
		"label":"抜刀珠【2】",
		"comment":"抜刀会心+3"
	},
	"0426":{
		"label":"罠師珠【1】",
		"comment":"高速設置+2"
	},
	"0427":{
		"label":"体術珠【1】",
		"comment":"体術+1"
	},
	"0428":{
		"label":"体術珠【2】",
		"comment":"体術+3"
	},
	"0429":{
		"label":"捕獲珠【1】",
		"comment":"捕獲+1"
	},
	"042A":{
		"label":"捕獲珠【3】",
		"comment":"捕獲+4"
	},
	"042B":{
		"label":"観察珠【1】",
		"comment":"観察眼+2"
	},
	"042C":{
		"label":"短縮珠【1】",
		"comment":"溜め短縮+1"
	},
	"042D":{
		"label":"短縮珠【3】",
		"comment":"溜め短縮+4"
	},
	"042E":{
		"label":"抜打珠【1】",
		"comment":"抜刀滅気+1"
	},
	"042F":{
		"label":"抜打珠【3】",
		"comment":"抜刀滅気+4"
	},
	"0430":{
		"label":"属耐珠【1】",
		"comment":"属性耐性+1"
	},
	"0431":{
		"label":"解放珠【2】",
		"comment":"属性解放+1"
	},
	"0432":{
		"label":"覚醒珠【3】",
		"comment":"属性解放+2"
	},
	"0433":{
		"label":"逆境珠【1】",
		"comment":"逆境+1"
	},
	"0434":{
		"label":"逆境珠【2】",
		"comment":"逆境+3"
	},
	"0435":{
		"label":"速射珠【1】",
		"comment":"速射+1"
	},
	"0436":{
		"label":"速射珠【3】",
		"comment":"速射+4"
	},
	"0437":{
		"label":"燃焼珠【1】",
		"comment":"燃燐+2"
	},
	"0438":{
		"label":"耐防珠【1】",
		"comment":"対防御DOWN+2"
	},
	"0439":{
		"label":"火炎珠【1】",
		"comment":"火属性攻撃+1"
	},
	"043A":{
		"label":"火炎珠【2】",
		"comment":"火属性攻撃+3"
	},
	"043B":{
		"label":"流水珠【1】",
		"comment":"水属性攻撃+1"
	},
	"043C":{
		"label":"流水珠【2】",
		"comment":"水属性攻撃+3"
	},
	"043D":{
		"label":"雷光珠【1】",
		"comment":"雷属性攻撃+1"
	},
	"043E":{
		"label":"雷光珠【2】",
		"comment":"雷属性攻撃+3"
	},
	"043F":{
		"label":"氷結珠【1】",
		"comment":"氷属性攻撃+1"
	},
	"0440":{
		"label":"氷結珠【2】",
		"comment":"氷属性攻撃+3"
	},
	"0441":{
		"label":"破龍珠【1】",
		"comment":"龍属性攻撃+1"
	},
	"0442":{
		"label":"破龍珠【2】",
		"comment":"龍属性攻撃+3"
	},
	"0443":{
		"label":"痛撃珠【1】",
		"comment":"痛撃+1"
	},
	"0444":{
		"label":"痛撃珠【3】",
		"comment":"痛撃+4"
	},
	"0445":{
		"label":"重撃珠【1】",
		"comment":"重撃+1"
	},
	"0446":{
		"label":"重撃珠【3】",
		"comment":"重撃+4"
	},
	"0447":{
		"label":"全開珠【1】",
		"comment":"本気+1"
	},
	"0448":{
		"label":"全開珠【2】",
		"comment":"本気+3"
	},
	"0449":{
		"label":"ＫＯ珠【1】",
		"comment":"KO+1"
	},
	"044A":{
		"label":"奪気珠【1】",
		"comment":"滅気攻撃+1"
	},
	"044B":{
		"label":"奪気珠【2】",
		"comment":"滅気攻撃+3"
	},
	"044C":{
		"label":"鼓笛珠【1】",
		"comment":"笛+2"
	},
	"044D":{
		"label":"砲術珠【1】",
		"comment":"砲術+2"
	},
	"044E":{
		"label":"属耐珠【3】",
		"comment":"属性耐性+4"
	},
	"044F":{
		"label":"制火珠【1】",
		"comment":"火耐性+2"
	},
	"0450":{
		"label":"制水珠【1】",
		"comment":"水耐性+2"
	},
	"0451":{
		"label":"制雷珠【1】",
		"comment":"雷耐性+2"
	},
	"0452":{
		"label":"制氷珠【1】",
		"comment":"氷耐性+2"
	},
	"0453":{
		"label":"制龍珠【1】",
		"comment":"龍耐性+2"
	},
	"0454":{
		"label":"速納珠【1】",
		"comment":"納刀+1"
	},
	"0455":{
		"label":"速納珠【2】",
		"comment":"納刀+3"
	},
	"0456":{
		"label":"早気珠【1】",
		"comment":"気力回復+1"
	},
	"0457":{
		"label":"早気珠【2】",
		"comment":"気力回復+3"
	},
	"0458":{
		"label":"狩人珠【1】",
		"comment":"狩人+2"
	},
	"0459":{
		"label":"加斬珠【1】",
		"comment":"斬裂弾追加+2"
	},
	"045A":{
		"label":"痺瓶珠【1】",
		"comment":"麻痺瓶追加+1"
	},
	"045B":{
		"label":"痺瓶珠【2】",
		"comment":"麻痺瓶追加+3"
	},
	"045C":{
		"label":"眠瓶珠【1】",
		"comment":"睡眠瓶追加+2"
	},
	"045D":{
		"label":"毒瓶珠【1】",
		"comment":"毒瓶追加+2"
	},
	"045E":{
		"label":"強瓶珠【1】",
		"comment":"強撃瓶追加+1"
	},
	"045F":{
		"label":"強瓶珠【2】",
		"comment":"強撃瓶追加+3"
	},
	"0460":{
		"label":"接瓶珠【1】",
		"comment":"接撃瓶追加+2"
	},
	"0461":{
		"label":"滅瓶珠【1】",
		"comment":"滅気瓶追加+2"
	},
	"0462":{
		"label":"根性珠【1】",
		"comment":"根性+1"
	},
	"0463":{
		"label":"根性珠【2】",
		"comment":"根性+3"
	},
	"0464":{
		"label":"肉食珠【1】",
		"comment":"肉食+1"
	},
	"0465":{
		"label":"肉好珠【1】",
		"comment":"肉食+2"
	},
	"0466":{
		"label":"蜜集珠【1】",
		"comment":"ハチミツ+1"
	},
	"0467":{
		"label":"蜜占珠【1】",
		"comment":"ハチミツ+2"
	},
	"0468":{
		"label":"菌学珠【1】",
		"comment":"細菌学+1"
	},
	"0469":{
		"label":"菌究珠【1】",
		"comment":"細菌学+2"
	},
	"046A":{
		"label":"闘魂珠【1】",
		"comment":"闘魂+1"
	},
	"046B":{
		"label":"闘魂珠【2】",
		"comment":"闘魂+3"
	},
	"046C":{
		"label":"無傷珠【1】",
		"comment":"無傷+1"
	},
	"046D":{
		"label":"無傷珠【2】",
		"comment":"無傷+3"
	},
	"046E":{
		"label":"剛体珠【1】",
		"comment":"不動+1"
	},
	"046F":{
		"label":"剛体珠【3】",
		"comment":"不動+4"
	},
	"0470":{
		"label":"采配珠【1】",
		"comment":"采配+1"
	},
	"0471":{
		"label":"名采配珠【1】",
		"comment":"采配+2"
	},
	"0472":{
		"label":"号令珠【1】",
		"comment":"号令+1"
	},
	"0473":{
		"label":"号令珠【2】",
		"comment":"号令+3"
	},
	"0474":{
		"label":"ＫＯ珠【2】",
		"comment":"KO+3"
	},
	"0475":{
		"label":"護石珠【1】",
		"comment":"護石王+2"
	},
	"0476":{
		"label":"加爆珠【1】",
		"comment":"爆破弾追加+2"
	},
	"0477":{
		"label":"爆瓶珠【1】",
		"comment":"爆破瓶追加+2"
	},
	"0478":{
		"label":"獣人種の書"
	},
	"0479":{
		"label":"甲虫種の書"
	},
	"047A":{
		"label":"ネルスキュラの書"
	},
	"047B":{
		"label":"ゲネル・セルタスの書"
	},
	"047C":{
		"label":"魚竜種の書"
	},
	"047D":{
		"label":"草食種の書【1巻】"
	},
	"047E":{
		"label":"草食種の書【2巻】"
	},
	"047F":{
		"label":"鳥竜種の書【1巻】"
	},
	"0480":{
		"label":"鳥竜種の書【2巻】"
	},
	"0481":{
		"label":"鳥竜種の書【3巻】"
	},
	"0482":{
		"label":"牙獣種の書【1巻】"
	},
	"0483":{
		"label":"牙獣種の書【2巻】"
	},
	"0484":{
		"label":"牙獣種の書【3巻】"
	},
	"0485":{
		"label":"ラージャンの書"
	},
	"0486":{
		"label":"テツカブラの書"
	},
	"0487":{
		"label":"ザボアザギルの書"
	},
	"0488":{
		"label":"蛇竜種の書"
	},
	"0489":{
		"label":"ブラキディオスの書"
	},
	"048A":{
		"label":"イビルジョーの書"
	},
	"048B":{
		"label":"飛竜種の書【1巻】"
	},
	"048C":{
		"label":"飛竜種の書【2巻】"
	},
	"048D":{
		"label":"飛竜種の書【3巻】"
	},
	"048E":{
		"label":"飛竜種の書【4巻】"
	},
	"048F":{
		"label":"飛竜種の書【5巻】"
	},
	"0490":{
		"label":"飛竜種の書【6巻】"
	},
	"0491":{
		"label":"ゴア・マガラの書"
	},
	"0492":{
		"label":"アカムトルムの書"
	},
	"0493":{
		"label":"牙竜種の書【1巻】"
	},
	"0494":{
		"label":"牙竜種の書【2巻】"
	},
	"0495":{
		"label":"キリンの書"
	},
	"0496":{
		"label":"キリン亜種の書"
	},
	"0497":{
		"label":"ジャガルマガラの書"
	},
	"0498":{
		"label":"ダレン・モーランの書"
	},
	"0499":{
		"label":"クシャルダオラの書"
	},
	"049A":{
		"label":"テオ・テスカトルの書"
	},
	"049B":{
		"label":"ダラ・アマデュラの書"
	},
	"049C":{
		"label":"ミレボレアスの書"
	},
	"049D":{
		"label":"刀匠珠【1】",
		"comment":"刀匠+2"
	},
	"049E":{
		"label":"刀匠珠【2】",
		"comment":"刀匠+3"
	},
	"049F":{
		"label":"刀匠珠【3】",
		"comment":"刀匠+3"
	},
	"04A0":{
		"label":"刀匠真珠【3】",
		"comment":"刀匠+4"
	},
	"04A1":{
		"label":"射手珠【1】",
		"comment":"射手+2"
	},
	"04A2":{
		"label":"射手珠【2】",
		"comment":"射手+3"
	},
	"04A3":{
		"label":"射手珠【3】",
		"comment":"射手+3"
	},
	"04A4":{
		"label":"射手真珠【3】",
		"comment":"射手+4"
	},
	"04A5":{
		"label":"状耐珠【1】",
		"comment":"状態耐性+2"
	},
	"04A6":{
		"label":"状耐珠【2】",
		"comment":"状態耐性+3"
	},
	"04A7":{
		"label":"状耐珠【3】",
		"comment":"状態耐性+3"
	},
	"04A8":{
		"label":"状耐真珠【3】",
		"comment":"状態耐性+4"
	},
	"04A9":{
		"label":"怒珠【1】",
		"comment":"怒+2"
	},
	"04AA":{
		"label":"怒珠【2】",
		"comment":"怒+3"
	},
	"04AB":{
		"label":"怒珠【3】",
		"comment":"怒+3"
	},
	"04AC":{
		"label":"怒真珠【3】",
		"comment":"怒+4"
	},
	"04AD":{
		"label":"回術珠【1】",
		"comment":"回避術+2"
	},
	"04AE":{
		"label":"回術真珠【1】",
		"comment":"回避術+3"
	},
	"04AF":{
		"label":"回術珠【2】",
		"comment":"回避術+4"
	},
	"04B0":{
		"label":"回術珠【3】",
		"comment":"回避術+4"
	},
	"04B1":{
		"label":"回術真珠【3】",
		"comment":"回避術+5"
	},
	"04B2":{
		"label":"頑強珠【1】",
		"comment":"頑強+2"
	},
	"04B3":{
		"label":"頑強真珠【1】",
		"comment":"頑強+3"
	},
	"04B4":{
		"label":"頑強珠【2】",
		"comment":"頑強+4"
	},
	"04B5":{
		"label":"頑強珠【3】",
		"comment":"頑強+4"
	},
	"04B6":{
		"label":"頑強真珠【3】",
		"comment":"頑強+5"
	},
	"04B7":{
		"label":"居合珠【1】",
		"comment":"居合+2"
	},
	"04B8":{
		"label":"居合珠【3】",
		"comment":"居合+4"
	},
	"04B9":{
		"label":"剛撃珠【1】",
		"comment":"剛撃+2"
	},
	"04BA":{
		"label":"剛撃珠【3】",
		"comment":"剛撃+4"
	},
	"04BB":{
		"label":"一心珠【2】",
		"comment":"一心+3"
	},
	"04BC":{
		"label":"一心珠【3】",
		"comment":"一心+4"
	},
	"04BD":{
		"label":"盾持珠【2】",
		"comment":"盾持+3"
	},
	"04BE":{
		"label":"盾持珠【3】",
		"comment":"盾持+4"
	},
	"04BF":{
		"label":"潔癖珠【2】",
		"comment":"潔癖+3"
	},
	"04C0":{
		"label":"潔癖珠【3】",
		"comment":"潔癖+4"
	},
	"04C1":{
		"label":"増幅珠【2】",
		"comment":"増幅+3"
	},
	"04C2":{
		"label":"増幅珠【3】",
		"comment":"増幅+4"
	},
	"04C3":{
		"label":"護収珠【1】",
		"comment":"護石収集+2"
	},
	"04C4":{
		"label":"護収真珠【1】",
		"comment":"護石収集+3"
	},
	"04C5":{
		"label":"護収珠【2】",
		"comment":"護石収集+3"
	},
	"04C6":{
		"label":"護収真珠【2】",
		"comment":"護石収集+4"
	},
	"04C7":{
		"label":"護収珠【3】",
		"comment":"護石収集+6"
	},
	"04C8":{
		"label":"強欲珠【1】",
		"comment":"強欲+2"
	},
	"04C9":{
		"label":"強欲真珠【1】",
		"comment":"強欲+3"
	},
	"04CA":{
		"label":"強欲珠【2】",
		"comment":"強欲+3"
	},
	"04CB":{
		"label":"強欲真珠【2】",
		"comment":"強欲+4"
	},
	"04CC":{
		"label":"強欲珠【3】",
		"comment":"強欲+6"
	},
	"04CD":{
		"label":"力の高級虫餌"
	},
	"04CE":{
		"label":"体の高級虫餌"
	},
	"04CF":{
		"label":"速の高級虫餌"
	},
	"04D0":{
		"label":"高級虫餌・灼熱"
	},
	"04D1":{
		"label":"高級虫餌・激流"
	},
	"04D2":{
		"label":"高級虫餌・雷鳴"
	},
	"04D3":{
		"label":"高級虫餌・吹雪"
	},
	"04D4":{
		"label":"高級虫餌・滅龍"
	},
	"04D5":{
		"label":"LV1"
	},
	"04D6":{
		"label":"LV1"
	},
	"04D7":{
		"label":"LV1"
	},
	"04D8":{
		"label":"LV1"
	},
	"04D9":{
		"label":"魚竜種の書【2巻】"
	},
	"04DA":{
		"label":"草食種の書【3巻】"
	},
	"04DB":{
		"label":"甲殼種の書【1巻】"
	},
	"04DC":{
		"label":"甲殼種の書【2巻】"
	},
	"04DD":{
		"label":"甲虫種の書【2巻】"
	},
	"04DE":{
		"label":"甲虫種の書【3巻】"
	},
	"04DF":{
		"label":"飛竜種の書【7巻】"
	},
	"04E0":{
		"label":"飛竜種の書【8巻】"
	},
	"04E1":{
		"label":"セルレギオスの書"
	},
	"04E2":{
		"label":"牙竜種の書【４巻】"
	},
	"04E3":{
		"label":"両生種の書"
	},
	"04E4":{
		"label":"蛇竜種の書【2巻】"
	},
	"04E5":{
		"label":"DUMMY005"
	},
	"04E6":{
		"label":"ウカムルバスの書"
	},
	"04E7":{
		"label":"古龍種の書"
	},
	"04E8":{
		"label":"ゴグマジオスの書"
	},
	"04E9":{
		"label":"コゼニマス"
	},
	"04EA":{
		"label":"ゼニマス"
	},
	"04EB":{
		"label":"ドスゼニマス"
	},
	"04EC":{
		"label":"竜仙幼魚"
	},
	"04ED":{
		"label":"竜仙魚"
	},
	"04EE":{
		"label":"ドンドルマグロ"
	},
	"04EF":{
		"label":"鋏角種の書"
	},
	"04F0":{
		"label":"雌火竜の厚鱗"
	},
	"04F1":{
		"label":"雌火竜の重殼"
	},
	"04F2":{
		"label":"雌火竜の秘棘"
	},
	"04F3":{
		"label":"雌火竜の天鱗"
	},
	"04F4":{
		"label":"火竜の剛翼爪"
	},
	"04F5":{
		"label":"桜火竜の厚鱗"
	},
	"04F6":{
		"label":"桜火竜の重殼"
	},
	"04F7":{
		"label":"金火竜の厚鱗"
	},
	"04F8":{
		"label":"金火竜の重殼"
	},
	"04F9":{
		"label":"金火竜の秘棘"
	},
	"04FA":{
		"label":"煌炎の雫"
	},
	"04FB":{
		"label":"火竜の厚鱗"
	},
	"04FC":{
		"label":"火竜の重殼"
	},
	"04FD":{
		"label":"火竜の靭尾"
	},
	"04FE":{
		"label":"火竜の剛翼"
	},
	"04FF":{
		"label":"火竜の天鱗"
	},
	"0500":{
		"label":"蒼火竜の厚鱗"
	},
	"0501":{
		"label":"蒼火竜の重殼"
	},
	"0502":{
		"label":"蒼火竜の靭尾"
	},
	"0503":{
		"label":"銀火竜の厚鱗"
	},
	"0504":{
		"label":"銀火竜の重殼"
	},
	"0505":{
		"label":"銀火竜の靭尾"
	},
	"0506":{
		"label":"怪鳥の厚鱗"
	},
	"0507":{
		"label":"怪鳥の重殼"
	},
	"0508":{
		"label":"怪鳥の剛翼"
	},
	"0509":{
		"label":"怪鳥の福耳"
	},
	"050A":{
		"label":"青怪鳥の厚鱗"
	},
	"050B":{
		"label":"青怪鳥の重殼"
	},
	"050C":{
		"label":"黒狼鳥の厚鱗"
	},
	"050D":{
		"label":"黒狼鳥の重殼"
	},
	"050E":{
		"label":"黒狼鳥の銀狼毛"
	},
	"050F":{
		"label":"黒狼鳥の剛翼"
	},
	"0510":{
		"label":"黒狼鳥の靭尾"
	},
	"0511":{
		"label":"ゴム質の特上皮"
	},
	"0512":{
		"label":"毒怪鳥の石頭"
	},
	"0513":{
		"label":"ゴム質の紫柔皮"
	},
	"0514":{
		"label":"毒怪鳥の紫剛翼"
	},
	"0515":{
		"label":"轟竜の厚鱗"
	},
	"0516":{
		"label":"轟竜の重殼"
	},
	"0517":{
		"label":"轟竜の重牙"
	},
	"0518":{
		"label":"轟竜の剛爪"
	},
	"0519":{
		"label":"轟竜の靭尾"
	},
	"051A":{
		"label":"轟竜の天鱗"
	},
	"051B":{
		"label":"黒轟竜の厚鱗"
	},
	"051C":{
		"label":"黒轟竜の重殼"
	},
	"051D":{
		"label":"黒轟竜の重牙"
	},
	"051E":{
		"label":"黒轟竜の剛爪"
	},
	"051F":{
		"label":"大轟竜の厚鱗"
	},
	"0520":{
		"label":"大轟竜の重殼"
	},
	"0521":{
		"label":"大轟竜の重牙"
	},
	"0522":{
		"label":"大轟竜の剛爆爪"
	},
	"0523":{
		"label":"大轟竜の靭尾"
	},
	"0524":{
		"label":"驚異の大爆心"
	},
	"0525":{
		"label":"イーオスの厚皮"
	},
	"0526":{
		"label":"ランボスの剛爪"
	},
	"0527":{
		"label":"桃毛獸の豪剛毛"
	},
	"0528":{
		"label":"桃毛獸の剛爪"
	},
	"0529":{
		"label":"監牢な牙獸牙"
	},
	"052A":{
		"label":"緑毛獸の豪剛毛"
	},
	"052B":{
		"label":"緑毛獸の剛爪"
	},
	"052C":{
		"label":"極彩色のトサカ"
	},
	"052D":{
		"label":"金獅子の黒荒毛"
	},
	"052E":{
		"label":"金獅子の剛角"
	},
	"052F":{
		"label":"金獅子の重牙"
	},
	"0530":{
		"label":"金獅子の剛爪"
	},
	"0531":{
		"label":"黄金の煌毛"
	},
	"0532":{
		"label":"金獅子の怒髮天"
	},
	"0533":{
		"label":"羅刹の金剛角"
	},
	"0534":{
		"label":"ラージャンハート"
	},
	"0535":{
		"label":"奇猿狐の豪剛毛"
	},
	"0536":{
		"label":"奇猿狐の重長骨"
	},
	"0537":{
		"label":"奇猿狐の地獄耳"
	},
	"0538":{
		"label":"奇猿狐の剛鉤爪"
	},
	"0539":{
		"label":"奇猿狐の靭尾"
	},
	"053A":{
		"label":"白猿狐の豪剛毛"
	},
	"053B":{
		"label":"白猿狐の重長骨"
	},
	"053C":{
		"label":"白猿狐の地獄耳"
	},
	"053D":{
		"label":"白猿狐の剛鉤爪"
	},
	"053E":{
		"label":"白猿狐の靭尾"
	},
	"053F":{
		"label":"鬼蛙の厚鱗"
	},
	"0540":{
		"label":"鬼蛙の重殼"
	},
	"0541":{
		"label":"鬼蛙の弩級牙"
	},
	"0542":{
		"label":"鬼蛙の剛爪"
	},
	"0543":{
		"label":"強面な大頭骨"
	},
	"0544":{
		"label":"荒鬼蛙の厚鱗"
	},
	"0545":{
		"label":"荒鬼蛙の重殼"
	},
	"0546":{
		"label":"荒鬼蛙の弩級牙"
	},
	"0547":{
		"label":"荒鬼蛙の剛爪"
	},
	"0548":{
		"label":"化け鮫の厚鱗"
	},
	"0549":{
		"label":"化け鮫の厚皮"
	},
	"054A":{
		"label":"化け鮫の特上ヒレ"
	},
	"054B":{
		"label":"化け鮫の重鋸歯"
	},
	"054C":{
		"label":"化け鮫の剛刃尾"
	},
	"054D":{
		"label":"虎鮫の厚鱗"
	},
	"054E":{
		"label":"虎鮫の厚皮"
	},
	"054F":{
		"label":"虎鮫の特上ヒレ"
	},
	"0550":{
		"label":"虎鮫の重鋸歯"
	},
	"0551":{
		"label":"虎鮫の剛刃尾"
	},
	"0552":{
		"label":"絞蛇竜の厚皮"
	},
	"0553":{
		"label":"絞蛇竜の重殼"
	},
	"0554":{
		"label":"身も凍るクチバシ"
	},
	"0555":{
		"label":"絞蛇竜の重鳴甲"
	},
	"0556":{
		"label":"水蛇竜の厚皮"
	},
	"0557":{
		"label":"水蛇竜の重殼"
	},
	"0558":{
		"label":"水蛇竜の撥水甲"
	},
	"0559":{
		"label":"蛇王龍の厚鋼皮"
	},
	"055A":{
		"label":"蛇王龍の厚剣鱗"
	},
	"055B":{
		"label":"蛇王龍の重胸殼"
	},
	"055C":{
		"label":"蛇王龍の剛鉤爪"
	},
	"055D":{
		"label":"蛇王龍の大扇刃"
	},
	"055E":{
		"label":"蛇王龍の厚尾鱗"
	},
	"055F":{
		"label":"蛇王龍の重尾殼"
	},
	"0560":{
		"label":"天剣の龍神玉"
	},
	"0561":{
		"label":"蛇帝龍の厚鋼皮"
	},
	"0562":{
		"label":"蛇帝龍の厚剣鱗"
	},
	"0563":{
		"label":"蛇帝龍の睨眼"
	},
	"0564":{
		"label":"蛇帝龍の重胸殼"
	},
	"0565":{
		"label":"蛇帝龍の剛鉤爪"
	},
	"0566":{
		"label":"蛇帝龍の大扇刃"
	},
	"0567":{
		"label":"蛇帝龍の厚尾鱗"
	},
	"0568":{
		"label":"蛇帝龍の厚尾殼"
	},
	"0569":{
		"label":"徹甲虫の重殼"
	},
	"056A":{
		"label":"徹甲虫の斬羽"
	},
	"056B":{
		"label":"徹甲虫の剛角"
	},
	"056C":{
		"label":"斧甲虫の重殼"
	},
	"056D":{
		"label":"斧甲虫の斬羽"
	},
	"056E":{
		"label":"斧甲虫の剛角"
	},
	"056F":{
		"label":"重甲虫の重殼"
	},
	"0570":{
		"label":"重甲虫の重胸殼"
	},
	"0571":{
		"label":"重甲虫の重顎"
	},
	"0572":{
		"label":"重甲虫の剛爪"
	},
	"0573":{
		"label":"重甲虫の断月尾"
	},
	"0574":{
		"label":"特濃重甲エキス"
	},
	"0575":{
		"label":"砲甲虫の重殼"
	},
	"0576":{
		"label":"砲甲虫の重胸殼"
	},
	"0577":{
		"label":"砲甲虫の重顎"
	},
	"0578":{
		"label":"砲甲虫の剛爪"
	},
	"0579":{
		"label":"砲甲虫の斷月尾"
	},
	"057A":{
		"label":"影蜘蛛の重殼"
	},
	"057B":{
		"label":"影蜘蛛の重鋏角"
	},
	"057C":{
		"label":"影蜘蛛の剛爪"
	},
	"057D":{
		"label":"影蜘蛛の秘棘"
	},
	"057E":{
		"label":"骸蜘蛛の重殼"
	},
	"057F":{
		"label":"骸蜘蛛の重鋏角"
	},
	"0580":{
		"label":"骸蜘蛛の剛爪"
	},
	"0581":{
		"label":"骸蜘蛛の秘棘"
	},
	"0582":{
		"label":"黒蝕竜の厚鱗"
	},
	"0583":{
		"label":"黒蝕竜の重殼"
	},
	"0584":{
		"label":"黒蝕竜の剛触角"
	},
	"0585":{
		"label":"黒蝕竜の剛慘爪"
	},
	"0586":{
		"label":"黒蝕竜の暗黒翼"
	},
	"0587":{
		"label":"黒蝕竜の靭尾"
	},
	"0588":{
		"label":"黒蝕竜の天鱗"
	},
	"0589":{
		"label":"渾沌の竜鱗"
	},
	"058A":{
		"label":"相克の変異角"
	},
	"058B":{
		"label":"二律を纏う乱翼"
	},
	"058C":{
		"label":"背反する双逆鱗"
	},
	"058D":{
		"label":"天廻龍の厚鱗"
	},
	"058E":{
		"label":"天廻龍の重殼"
	},
	"058F":{
		"label":"天廻龍の剛角"
	},
	"0590":{
		"label":"天廻龍の剛浄爪"
	},
	"0591":{
		"label":"天廻龍の光虹翼"
	},
	"0592":{
		"label":"天廻龍の靭尾"
	},
	"0593":{
		"label":"天廻龍の天鱗"
	},
	"0594":{
		"label":"鋼龍の重殼"
	},
	"0595":{
		"label":"鋼龍の剛角"
	},
	"0596":{
		"label":"鋼龍の剛翼"
	},
	"0597":{
		"label":"鋼龍の靭尾"
	},
	"0598":{
		"label":"鋼の厚龍鱗"
	},
	"0599":{
		"label":"鋼龍の剛爪"
	},
	"059A":{
		"label":"鋼龍の龍殼"
	},
	"059B":{
		"label":"銀嶺の冠"
	},
	"059C":{
		"label":"錆鋼の龍爪"
	},
	"059D":{
		"label":"暴風の破翼"
	},
	"059E":{
		"label":"錆鋼の龍鱗"
	},
	"059F":{
		"label":"獄炎の厚龍鱗"
	},
	"05A0":{
		"label":"炎王龍の重殼"
	},
	"05A1":{
		"label":"炎王龍の剛角"
	},
	"05A2":{
		"label":"炎龍の剛爪"
	},
	"05A3":{
		"label":"炎王龍の靭尾"
	},
	"05A4":{
		"label":"霸竜の厚鱗"
	},
	"05A5":{
		"label":"霸竜の重殼"
	},
	"05A6":{
		"label":"霸竜の極大牙"
	},
	"05A7":{
		"label":"霸竜の剛裂爪"
	},
	"05A8":{
		"label":"霸竜の重棘"
	},
	"05A9":{
		"label":"霸竜の重尾"
	},
	"05AA":{
		"label":"霸導玉"
	},
	"05AB":{
		"label":"キリンの特上皮"
	},
	"05AC":{
		"label":"キリンの剛蒼角"
	},
	"05AD":{
		"label":"白銀のたてがみ"
	},
	"05AE":{
		"label":"キリンの靭雷尾"
	},
	"05AF":{
		"label":"キリンの剛氷角"
	},
	"05B0":{
		"label":"キリンの靭霜尾"
	},
	"05B1":{
		"label":"真珠色の艷皮"
	},
	"05B2":{
		"label":"特撰アルビノ"
	},
	"05B3":{
		"label":"魅惑色の艷皮"
	},
	"05B4":{
		"label":"魅惑色の剛翼"
	},
	"05B5":{
		"label":"岩竜の重殼"
	},
	"05B6":{
		"label":"岩竜の剛翼"
	},
	"05B7":{
		"label":"桃岩竜の重殼"
	},
	"05B8":{
		"label":"桃岩竜の剛翼"
	},
	"05B9":{
		"label":"鎧竜の重殼"
	},
	"05BA":{
		"label":"鎧竜の重頭殼"
	},
	"05BB":{
		"label":"鎧竜の剛翼"
	},
	"05BC":{
		"label":"鎧竜の天鱗"
	},
	"05BD":{
		"label":"黑鎧竜の重殼"
	},
	"05BE":{
		"label":"黑鎧竜の重頭殼"
	},
	"05BF":{
		"label":"黑鎧竜の天鱗"
	},
	"05C0":{
		"label":"恐暴竜の厚黒鱗"
	},
	"05C1":{
		"label":"恐暴竜の厚黒皮"
	},
	"05C2":{
		"label":"恐暴竜の重牙"
	},
	"05C3":{
		"label":"恐暴竜の剛鉤爪"
	},
	"05C4":{
		"label":"恐暴竜の重尾"
	},
	"05C5":{
		"label":"恐暴竜の滅鱗"
	},
	"05C6":{
		"label":"血戦の漆黒皮"
	},
	"05C7":{
		"label":"極悪の牙"
	},
	"05C8":{
		"label":"砕竜の重殼"
	},
	"05C9":{
		"label":"砕竜の重黒曜甲"
	},
	"05CA":{
		"label":"砕竜の重頭殼"
	},
	"05CB":{
		"label":"砕竜の剛鉄拳"
	},
	"05CC":{
		"label":"砕竜の靭尾"
	},
	"05CD":{
		"label":"砕竜の天殼"
	},
	"05CE":{
		"label":"光る粘菌"
	},
	"05CF":{
		"label":"DUMMY006"
	},
	"05D0":{
		"label":"DUMMY007"
	},
	"05D1":{
		"label":"DUMMY008"
	},
	"05D2":{
		"label":"DUMMY009"
	},
	"05D3":{
		"label":"DUMMY010"
	},
	"05D4":{
		"label":"DUMMY011"
	},
	"05D5":{
		"label":"豪山龍の重岩殼"
	},
	"05D6":{
		"label":"豪山龍の重紅鱗"
	},
	"05D7":{
		"label":"荒々しい龍剛角"
	},
	"05D8":{
		"label":"豪山龍の重腕甲"
	},
	"05D9":{
		"label":"大地の龍神玉"
	},
	"05DA":{
		"label":"白兎獣の豪剛毛"
	},
	"05DB":{
		"label":"白兎獣の地獄耳"
	},
	"05DC":{
		"label":"雷狼竜の雷電毛"
	},
	"05DD":{
		"label":"雷狼竜の重殼"
	},
	"05DE":{
		"label":"雷狼竜の剛角"
	},
	"05DF":{
		"label":"雷狼竜の剛爪"
	},
	"05E0":{
		"label":"雷狼竜の雷電殼"
	},
	"05E1":{
		"label":"雷狼竜の靭尾"
	},
	"05E2":{
		"label":"雷狼竜の天玉"
	},
	"05E3":{
		"label":"獄狼竜の滅龍毛"
	},
	"05E4":{
		"label":"獄狼竜の重殼"
	},
	"05E5":{
		"label":"獄狼竜の剛角"
	},
	"05E6":{
		"label":"獄狼竜の剛爪"
	},
	"05E7":{
		"label":"獄狼竜の滅龍殼"
	},
	"05E8":{
		"label":"獄狼竜の靭尾"
	},
	"05E9":{
		"label":"獄狼竜の天玉"
	},
	"05EA":{
		"label":"千刃竜の鋭刃鱗"
	},
	"05EB":{
		"label":"千刃竜の斬刃鱗"
	},
	"05EC":{
		"label":"千刃竜の飛刃"
	},
	"05ED":{
		"label":"千刃竜の破刃"
	},
	"05EE":{
		"label":"千刃竜の刻爪"
	},
	"05EF":{
		"label":"千刃竜の閃裂爪"
	},
	"05F0":{
		"label":"千刃竜の槍尾"
	},
	"05F1":{
		"label":"千刃竜の絶槍尾"
	},
	"05F2":{
		"label":"千刃竜の伐刀角"
	},
	"05F3":{
		"label":"千刃竜の断刀角"
	},
	"05F4":{
		"label":"千刃竜の尖翼爪"
	},
	"05F5":{
		"label":"千刃竜の斬翼爪"
	},
	"05F6":{
		"label":"千刃竜の反逆鱗"
	},
	"05F7":{
		"label":"千刃竜の鏡玉"
	},
	"05F8":{
		"label":"巨戟龍の塞鱗"
	},
	"05F9":{
		"label":"巨戟龍的城殼"
	},
	"05FA":{
		"label":"巨戟龍の凶刃"
	},
	"05FB":{
		"label":"巨戟龍の戦爪"
	},
	"05FC":{
		"label":"巨戟龍の筋織翼"
	},
	"05FD":{
		"label":"巨戟龍の荊棘尾"
	},
	"05FE":{
		"label":"戦火の龍神玉"
	},
	"05FF":{
		"label":"超重質龍骨油"
	},
	"0600":{
		"label":"角竜の重殼"
	},
	"0601":{
		"label":"角竜の重甲"
	},
	"0602":{
		"label":"監牢なねじれた角"
	},
	"0603":{
		"label":"大地を穿つ剛角"
	},
	"0604":{
		"label":"角竜の重尾甲"
	},
	"0605":{
		"label":"角竜の延髓"
	},
	"0606":{
		"label":"黒角竜の重殼"
	},
	"0607":{
		"label":"黒角竜の重甲"
	},
	"0608":{
		"label":"監牢な黒卷き角"
	},
	"0609":{
		"label":"一角竜の堅殼"
	},
	"060A":{
		"label":"一角竜の重殼"
	},
	"060B":{
		"label":"一角竜の堅甲"
	},
	"060C":{
		"label":"一角竜の重甲"
	},
	"060D":{
		"label":"上質な真紅の角"
	},
	"060E":{
		"label":"監牢な真紅の角"
	},
	"060F":{
		"label":"モノブロスハート"
	},
	"0610":{
		"label":"白一角竜の重殼"
	},
	"0611":{
		"label":"白一角竜の重甲"
	},
	"0612":{
		"label":"監牢な白銀の角"
	},
	"0613":{
		"label":"盾蟹の重殼"
	},
	"0614":{
		"label":"盾蟹の剛爪"
	},
	"0615":{
		"label":"黒珍珠"
	},
	"0616":{
		"label":"極上黒珍珠"
	},
	"0617":{
		"label":"竜頭殼"
	},
	"0618":{
		"label":"盾蟹の紫殼"
	},
	"0619":{
		"label":"盾蟹の紫爪"
	},
	"061A":{
		"label":"砂竜の厚鱗"
	},
	"061B":{
		"label":"砂竜の紫鱗"
	},
	"061C":{
		"label":"砂竜の特上ヒレ"
	},
	"061D":{
		"label":"砂竜の桃ヒレ"
	},
	"061E":{
		"label":"砂竜の鋭牙"
	},
	"061F":{
		"label":"砂竜の重牙"
	},
	"0620":{
		"label":"魚竜のキモ"
	},
	"0621":{
		"label":"崩竜の重殼"
	},
	"0622":{
		"label":"崩竜の腹鱗"
	},
	"0623":{
		"label":"崩竜の厚腹鱗"
	},
	"0624":{
		"label":"崩竜の尻尾"
	},
	"0625":{
		"label":"崩竜の重尾"
	},
	"0626":{
		"label":"崩竜の穿爪"
	},
	"0627":{
		"label":"崩竜の剛穿爪"
	},
	"0628":{
		"label":"崩竜の重削顎"
	},
	"0629":{
		"label":"崩竜の上ビレ"
	},
	"062A":{
		"label":"崩竜の剛ビレ"
	},
	"062B":{
		"label":"崩天玉"
	},
	"062C":{
		"label":"霞龍の特上皮"
	},
	"062D":{
		"label":"霞龍の剛角"
	},
	"062E":{
		"label":"霞龍の剛翼"
	},
	"062F":{
		"label":"霞龍の靭尾"
	},
	"0630":{
		"label":"黒龍の厚鱗"
	},
	"0631":{
		"label":"黒龍の重殼"
	},
	"0632":{
		"label":"黒龍の剛角"
	},
	"0633":{
		"label":"黒龍の邪眼"
	},
	"0634":{
		"label":"黒龍の剛翼"
	},
	"0635":{
		"label":"黒龍の紅焔鱗"
	},
	"0636":{
		"label":"黒龍の紅焔殼"
	},
	"0637":{
		"label":"黒龍の紅焔角"
	},
	"0638":{
		"label":"黒龍の紅焔翼"
	},
	"0639":{
		"label":"黒龍の魔神眼"
	},
	"063A":{
		"label":"祖龍の厚白鱗"
	},
	"063B":{
		"label":"祖龍の重殼"
	},
	"063C":{
		"label":"祖龍の剛翼"
	},
	"063D":{
		"label":"祖龍の剛角"
	},
	"063E":{
		"label":"祖龍の雲眼"
	},
	"063F":{
		"label":"劇烈毒袋"
	},
	"0640":{
		"label":"業炎袋"
	},
	"0641":{
		"label":"特大水袋"
	},
	"0642":{
		"label":"瞬間凍結袋"
	},
	"0643":{
		"label":"雷電袋"
	},
	"0644":{
		"label":"強力麻痺袋"
	},
	"0645":{
		"label":"昏睡袋"
	},
	"0646":{
		"label":"幻鳥竜玉"
	},
	"0647":{
		"label":"カワズの大殿油"
	},
	"0648":{
		"label":"太古龍骨"
	},
	"0649":{
		"label":"古龍の大宝玉"
	},
	"064A":{
		"label":"大竜玉"
	},
	"064B":{
		"label":"重竜骨"
	},
	"064C":{
		"label":"いにしえの巨龍骨"
	},
	"064D":{
		"label":"重厚な骨"
	},
	"064E":{
		"label":"極上の毛皮"
	},
	"064F":{
		"label":"草食竜の重骨"
	},
	"0650":{
		"label":"監牢な鳥竜骨"
	},
	"0651":{
		"label":"翼蛇竜の特上皮"
	},
	"0652":{
		"label":"肉厚な厚皮"
	},
	"0653":{
		"label":"重厚な牙"
	},
	"0654":{
		"label":"盾蟹の小殼"
	},
	"0655":{
		"label":"鋭利な爪"
	},
	"0656":{
		"label":"飛甲虫の斬羽"
	},
	"0657":{
		"label":"盾虫の重殼"
	},
	"0658":{
		"label":"モンスターの特濃"
	},
	"0659":{
		"label":"ザザミン"
	},
	"065A":{
		"label":"極上ザザミン"
	},
	"065B":{
		"label":"ヤド真珠"
	},
	"065C":{
		"label":"極上ヤド真珠"
	},
	"065D":{
		"label":"皇帝バッタ"
	},
	"065E":{
		"label":"マボロシチョウ"
	},
	"065F":{
		"label":"ドスクワアゲハ"
	},
	"0660":{
		"label":"ドスツノアゲハ"
	},
	"0661":{
		"label":"ゴッドカブト"
	},
	"0662":{
		"label":"星石の結晶"
	},
	"0663":{
		"label":"エルトライト鉱石"
	},
	"0664":{
		"label":"メランジェ鉱石"
	},
	"0665":{
		"label":"真紅蓮石"
	},
	"0666":{
		"label":"ビュアクリスタル鉱石"
	},
	"0667":{
		"label":"コスモライト鉱石"
	},
	"0668":{
		"label":"歪んだ破片"
	},
	"0669":{
		"label":"極上研磨材"
	},
	"066A":{
		"label":"明王原珠"
	},
	"066B":{
		"label":"剛鎧玉"
	},
	"066C":{
		"label":"天鎧玉"
	},
	"066D":{
		"label":"穢れなき狂竜結晶"
	},
	"066E":{
		"label":"極竜玉"
	},
	"066F":{
		"label":"大極竜玉"
	},
	"0670":{
		"label":"風化したお守り"
	},
	"0671":{
		"label":"刻まれたお守り"
	},
	"0672":{
		"label":"英雄の武器"
	},
	"0673":{
		"label":"封じられし武器"
	},
	"0674":{
		"label":"英雄の防具"
	},
	"0675":{
		"label":"封じられし防具"
	},
	"0676":{
		"label":"落陽草の花"
	},
	"0677":{
		"label":"素朴な上端材"
	},
	"0678":{
		"label":"粋な上端材"
	},
	"0679":{
		"label":"丸鳥の上端材"
	},
	"067A":{
		"label":"青熊獣の上端材"
	},
	"067B":{
		"label":"草食竜の上端材"
	},
	"067C":{
		"label":"狗竜の上端材"
	},
	"067D":{
		"label":"飛甲虫の上端材"
	},
	"067E":{
		"label":"大猪の上端材"
	},
	"067F":{
		"label":"垂皮竜の上端材"
	},
	"0680":{
		"label":"赤甲獣の上端材"
	},
	"0681":{
		"label":"砂竜の上端材"
	},
	"0682":{
		"label":"盾虫の上端材"
	},
	"0683":{
		"label":"奇猿狐の上端材"
	},
	"0684":{
		"label":"怪鳥の上端材"
	},
	"0685":{
		"label":"鬼蛙の上端材"
	},
	"0686":{
		"label":"土砂竜の上端材"
	},
	"0687":{
		"label":"化け鮫の上端材"
	},
	"0688":{
		"label":"白兎獣の上端材"
	},
	"0689":{
		"label":"爆鎚竜の上端材"
	},
	"068A":{
		"label":"雌火竜の上端材"
	},
	"068B":{
		"label":"真珠色の上端材"
	},
	"068C":{
		"label":"毒狗竜の上端材"
	},
	"068D":{
		"label":"桃毛獣の上端材"
	},
	"068E":{
		"label":"岩竜の上端材"
	},
	"068F":{
		"label":"影蜘蛛の上端材"
	},
	"0690":{
		"label":"彩鳥の上端材"
	},
	"0691":{
		"label":"潜口竜の上端材"
	},
	"0692":{
		"label":"轟竜の上端材"
	},
	"0693":{
		"label":"眠狗竜の上端材"
	},
	"0694":{
		"label":"火竜の上端材"
	},
	"0695":{
		"label":"炎戈竜の上端材"
	},
	"0696":{
		"label":"重甲虫の上端材"
	},
	"0697":{
		"label":"尾槌竜の上端材"
	},
	"0698":{
		"label":"角竜の上端材"
	},
	"0699":{
		"label":"金獅子の上端材"
	},
	"069A":{
		"label":"氷牙竜の上端材"
	},
	"069B":{
		"label":"砕竜の上端材"
	},
	"069C":{
		"label":"雷狼竜の上端材"
	},
	"069D":{
		"label":"迅竜の上端材"
	},
	"069E":{
		"label":"絞蛇竜の上端材"
	},
	"069F":{
		"label":"千刃竜の上端材"
	},
	"06A0":{
		"label":"一角竜の上端材"
	},
	"06A1":{
		"label":"鎧竜の上端材"
	},
	"06A2":{
		"label":"黒狼鳥の上端材"
	},
	"06A3":{
		"label":"毒怪鳥の上端材"
	},
	"06A4":{
		"label":"蛇王龍の上端材"
	},
	"06A5":{
		"label":"嵐龍の上端材"
	},
	"06A6":{
		"label":"天廻龍の上端材"
	},
	"06A7":{
		"label":"黒蝕竜の上端材"
	},
	"06A8":{
		"label":"鋼龍の上端材"
	},
	"06A9":{
		"label":"崩竜の上端材"
	},
	"06AA":{
		"label":"炎王龍の上端材"
	},
	"06AB":{
		"label":"恐暴竜の上端材"
	},
	"06AC":{
		"label":"キリンの上端材"
	},
	"06AD":{
		"label":"覇竜の上端材"
	},
	"06AE":{
		"label":"煌黒龍の上端材"
	},
	"06AF":{
		"label":"豪山龍の上端材"
	},
	"06B0":{
		"label":"峯山龍の上端材"
	},
	"06B1":{
		"label":"巨戟龍の上端材"
	},
	"06B2":{
		"label":"霞龍の上端材"
	},
	"06B3":{
		"label":"生命の大粉塵"
	},
	"06B4":{
		"label":"クロオビコインG"
	},
	"06B5":{
		"label":"タツジンコインG"
	},
	"06B6":{
		"label":"デンセツコインG"
	},
	"06B7":{
		"label":"天の山菜組引換券"
	},
	"06B8":{
		"label":"霸王の証"
	},
	"06B9":{
		"label":"霸王の証G"
	},
	"06BA":{
		"label":"旅団チケットG"
	},
	"06BB":{
		"label":"大長老チケット"
	},
	"06BC":{
		"label":"大長老チケットS"
	},
	"06BD":{
		"label":"試作抗竜石・心撃"
	},
	"06BE":{
		"label":"熱帯イチゴ"
	},
	"06BF":{
		"label":"万能湯けむり玉"
	},
	"06C0":{
		"label":"応急耳栓"
	},
	"06C1":{
		"label":"要塞防衛式弩砲弾"
	},
	"06C2":{
		"label":"高密度滅龍炭"
	},
	"06C3":{
		"label":"支給専用モドリ玉"
	},
	"06C4":{
		"label":"支給用生命の粉塵"
	},
	"06C5":{
		"label":"支給専用大粉塵"
	},
	"06C6":{
		"label":"隕石の大塊"
	},
	"06C7":{
		"label":"氷結晶イチゴ"
	},
	"06C8":{
		"label":"ブーギーバール"
	},
	"06C9":{
		"label":"砕竜の弾頭殼"
	},
	"06CA":{
		"label":"砕竜の撃滅拳"
	},
	"06CB":{
		"label":"不滅の炉心殼"
	},
	"06CC":{
		"label":"臨界極まる粘菌"
	},
	"06CD":{
		"label":"翠水竜の厚鱗"
	},
	"06CE":{
		"label":"翠水竜の特上ビレ"
	},
	"06CF":{
		"label":"毒怪竜の上端材"
	},
	"06D0":{
		"label":"水獣の上端材"
	},
	"06D1":{
		"label":"水竜の上端材"
	},
	"06D2":{
		"label":"海竜の上端材"
	},
	"06D3":{
		"label":"盾蟹の上端材"
	},
	"06D4":{
		"label":"風牙竜の鋭爪"
	},
	"06D5":{
		"label":"氷砕竜の堅甲"
	},
	"06D6":{
		"label":"彩鳥の厚鱗"
	},
	"06D7":{
		"label":"極彩色の艷羽根"
	},
	"06D8":{
		"label":"紅彩鳥の剛翼"
	},
	"06D9":{
		"label":"灯魚竜の厚皮"
	},
	"06DA":{
		"label":"灯魚竜の秘棘"
	},
	"06DB":{
		"label":"ランゴスタの斬羽"
	},
	"06DC":{
		"label":"青熊獣の重殼"
	},
	"06DD":{
		"label":"潜口竜の重殼"
	},
	"06DE":{
		"label":"光り輝く体液"
	},
	"06DF":{
		"label":"鎌蟹の朱爪"
	},
	"06E0":{
		"label":"氷牙竜の厚毛皮"
	},
	"06E1":{
		"label":"琥珀色の重牙"
	},
	"06E2":{
		"label":"土砂竜の重殼"
	},
	"06E3":{
		"label":"土砂竜の重頭殼"
	},
	"06E4":{
		"label":"風牙竜の剛爪"
	},
	"06E5":{
		"label":"赤甲獣の重殼"
	},
	"06E6":{
		"label":"炎戈竜の重殼"
	},
	"06E7":{
		"label":"炎戈竜の特上ビレ"
	},
	"06E8":{
		"label":"氷砕竜の重殼"
	},
	"06E9":{
		"label":"尾槌竜の重殼"
	},
	"06EA":{
		"label":"尾槌竜の剛角"
	},
	"06EB":{
		"label":"ドボルストーン"
	},
	"06EC":{
		"label":"爆鎚竜の重殼"
	},
	"06ED":{
		"label":"爆鎚竜の天殼"
	},
	"06EE":{
		"label":"迅竜の豪黒毛"
	},
	"06EF":{
		"label":"迅竜の剛刃翼"
	},
	"06F0":{
		"label":"迅竜の天鱗"
	},
	"06F1":{
		"label":"海竜の厚鱗"
	},
	"06F2":{
		"label":"海竜の雷電殼"
	},
	"06F3":{
		"label":"海竜の蒼天鱗"
	},
	"06F4":{
		"label":"白海竜の雷電殼"
	},
	"06F5":{
		"label":"白海竜の剛角"
	},
	"06F6":{
		"label":"熔岩竜の厚鱗"
	},
	"06F7":{
		"label":"熔岩竜の特上ビレ"
	},
	"06F8":{
		"label":"鋼鎚竜の重耐熱殼"
	},
	"06F9":{
		"label":"大海龍の鱗"
	},
	"06FA":{
		"label":"大海龍の鎧毛"
	},
	"06FB":{
		"label":"深淵の龍玉"
	},
	"06FC":{
		"label":"浮岳龍のヒレ"
	},
	"06FD":{
		"label":"太古の龍苔"
	},
	"06FE":{
		"label":"太古の龍木"
	},
	"06FF":{
		"label":"峯山龍の重岩殼"
	},
	"0700":{
		"label":"峯山龍の重腕甲"
	},
	"0701":{
		"label":"神々しい龍牙"
	},
	"0702":{
		"label":"炎妃龍の重殼"
	},
	"0703":{
		"label":"炎妃龍の尻尾"
	},
	"0704":{
		"label":"老山龍の蒼大爪"
	},
	"0705":{
		"label":"煉黒龍の黒鱗"
	},
	"0706":{
		"label":"煉黒龍の灼熱核."
	},
	"0707":{
		"label":"光炎の大龍玉"
	},
	"0708":{
		"label":"冥海竜の雷電殼"
	},
	"0709":{
		"label":"冥海竜の雷魂"
	},
	"070A":{
		"label":"月迅竜の透刃翼"
	},
	"070B":{
		"label":"朧月の欠片"
	},
	"070C":{
		"label":"老山龍の重殼"
	},
	"070D":{
		"label":"老山龍の厚鱗"
	},
	"070E":{
		"label":"老山龍の天鱗"
	},
	"070F":{
		"label":"嵐龍の堅殼"
	},
	"0710":{
		"label":"嵐龍の飛膜"
	},
	"0711":{
		"label":"天空の龍玉"
	},
	"0712":{
		"label":"煌黒龍の天鱗"
	},
	"0713":{
		"label":"煌黒龍の凶爪."
	},
	"0714":{
		"label":"瑠璃色の龍神玉"
	},
	"0715":{
		"label":"LV2"
	},
	"0716":{
		"label":"LV2"
	},
	"0717":{
		"label":"LV2"
	},
	"0718":{
		"label":"LV2"
	},
	"0719":{
		"label":"豪仙龍神丸"
	},
	"071A":{
		"label":"属会珠【1】",
		"comment":"属性会心+1"
	},
	"071B":{
		"label":"属会珠【2】",
		"comment":"属性会心+3"
	},
	"071C":{
		"label":"特会珠【1】",
		"comment":"特殊会心+1"
	},
	"071D":{
		"label":"特会珠【2】",
		"comment":"特殊会心+3"
	},
	"071E":{
		"label":"射法珠【1】",
		"comment":"射法+1"
	},
	"071F":{
		"label":"射法珠【2】",
		"comment":"射法+3"
	},
	"0720":{
		"label":"茸好珠【1】",
		"comment":"茸食+2"
	},
	"0721":{
		"label":"節食珠【1】",
		"comment":"節食+2"
	},
	"0722":{
		"label":"抗傷珠【1】",
		"comment":"裂傷+2"
	},
	"0723":{
		"label":"抗着珠【1】",
		"comment":"耐粘+2"
	},
	"0724":{
		"label":"乗慣珠【1】",
		"comment":"乗り+2"
	},
	"0725":{
		"label":"抗狂珠【1】",
		"comment":"狂耐撃性+1"
	},
	"0726":{
		"label":"抗狂珠【3】",
		"comment":"狂耐撃性+4"
	},
	"0727":{
		"label":"名匠珠【3】",
		"comment":"匠+3"
	},
	"0728":{
		"label":"防御珠【3】",
		"comment":"防御+5"
	},
	"0729":{
		"label":"真覚醒珠【3】",
		"comment":"属性解放+2"
	},
	"072A":{
		"label":"斬術珠【1】",
		"comment":"斬術+2"
	},
	"072B":{
		"label":"斬術珠【2】",
		"comment":"斬術+4"
	},
	"072C":{
		"label":"斬術珠【3】",
		"comment":"斬術+5"
	},
	"072D":{
		"label":"斬術真珠【3】",
		"comment":"斬術+6"
	},
	"072E":{
		"label":"秘伝珠【1】",
		"comment":"秘伝+2"
	},
	"072F":{
		"label":"秘伝珠【2】",
		"comment":"秘伝+4"
	},
	"0730":{
		"label":"秘伝珠【3】",
		"comment":"秘伝+5"
	},
	"0731":{
		"label":"秘伝真珠【3】",
		"comment":"秘伝+6"
	},
	"0732":{
		"label":"剛腕珠【1】",
		"comment":"剛腕+2"
	},
	"0733":{
		"label":"剛腕珠【2】",
		"comment":"剛腕+4"
	},
	"0734":{
		"label":"剛腕珠【3】",
		"comment":"剛腕+5"
	},
	"0735":{
		"label":"剛腕真珠【3】",
		"comment":"剛腕+6"
	},
	"0736":{
		"label":"祈願珠【1】",
		"comment":"祈願+2"
	},
	"0737":{
		"label":"祈願珠【2】",
		"comment":"祈願+4"
	},
	"0738":{
		"label":"祈願珠【3】",
		"comment":"祈願+5"
	},
	"0739":{
		"label":"裹業珠【1】",
		"comment":"裹稼業+2"
	},
	"073A":{
		"label":"裹業珠【2】",
		"comment":"裹稼業+4"
	},
	"073B":{
		"label":"裹業珠【3】",
		"comment":"裹稼業+5"
	},
	"073C":{
		"label":"裹業真珠【3】",
		"comment":"裹稼業+6"
	},
	"073D":{
		"label":"刀匠真珠【2】",
		"comment":"刀匠+4"
	},
	"073E":{
		"label":"刀匠極珠【3】",
		"comment":"刀匠+5"
	},
	"073F":{
		"label":"射手真珠【2】",
		"comment":"射手+4"
	},
	"0740":{
		"label":"射手極珠【3】",
		"comment":"射手+5"
	},
	"0741":{
		"label":"状耐真珠【2】",
		"comment":"状態耐性+4"
	},
	"0742":{
		"label":"状耐極珠【3】",
		"comment":"状態耐性+5"
	},
	"0743":{
		"label":"怒真珠【2】",
		"comment":"怒+4"
	},
	"0744":{
		"label":"怒極珠【3】",
		"comment":"怒+5"
	},
	"0745":{
		"label":"居合珠【2】",
		"comment":"居合+4"
	},
	"0746":{
		"label":"居合真珠【3】",
		"comment":"居合+5"
	},
	"0747":{
		"label":"剛撃珠【2】",
		"comment":"剛撃+4"
	},
	"0748":{
		"label":"剛撃真珠【3】",
		"comment":"剛撃+5"
	},
	"0749":{
		"label":"一心真珠【2】",
		"comment":"一心+4"
	},
	"074A":{
		"label":"一心真珠【3】",
		"comment":"一心+5"
	},
	"074B":{
		"label":"盾持真珠【2】",
		"comment":"盾持+4"
	},
	"074C":{
		"label":"盾持真珠【3】",
		"comment":"盾持+5"
	},
	"074D":{
		"label":"潔癖真珠【2】",
		"comment":"潔癖+4"
	},
	"074E":{
		"label":"潔癖真珠【3】",
		"comment":"潔癖+5"
	},
	"074F":{
		"label":"増幅真珠【2】",
		"comment":"増幅+4"
	},
	"0750":{
		"label":"増幅真珠【3】",
		"comment":"増幅+5"
	},
	"0751":{
		"label":"DUMMY012"
	},
	"0752":{
		"label":"増填珠【3】",
		"comment":"装填数+3"
	},
	"0753":{
		"label":"ダイミョウコイン"
	},
	"0754":{
		"label":"交易船チケット"
	},
	"0755":{
		"label":"ユクモチケット"
	},
	"0756":{
		"label":"ネコートチケット"
	},
	"0757":{
		"label":"奇面族チケット"
	},
	"0758":{
		"label":"教官チケット"
	},
	"0759":{
		"label":"守付嬢チケット"
	},
	"075A":{
		"label":"ジャンボチケット"
	},
	"075B":{
		"label":"狩人チケット"
	},
	"075C":{
		"label":"強欲チケット"
	},
	"075D":{
		"label":"嵐龍チケット"
	},
	"075E":{
		"label":"紅龍チケット"
	},
	"075F":{
		"label":"スタジオWパス"
	},
	"0760":{
		"label":"スタジオSパス"
	},
	"0761":{
		"label":"断罪Jチケット"
	},
	"0762":{
		"label":"反逆Jチケット"
	},
	"0763":{
		"label":"ファミ通クーボン"
	},
	"0764":{
		"label":"バルバッドの宝剣"
	},
	"0765":{
		"label":"ソロモンの知恵"
	},
	"0766":{
		"label":"デンゲキクーボン"
	},
	"0767":{
		"label":"モンハン部会報誌"
	},
	"0768":{
		"label":"モンハン部応援歌"
	},
	"0769":{
		"label":"E缶"
	},
	"076A":{
		"label":"ビンテージお肉券"
	},
	"076B":{
		"label":"フェイクカタログ"
	},
	"076C":{
		"label":"ハンター急募告知"
	},
	"076D":{
		"label":"英雄の証"
	},
	"076E":{
		"label":"デザインバレット"
	},
	"076F":{
		"label":"ウェポンデータ"
	},
	"0770":{
		"label":"モジュール機能"
	},
	"0771":{
		"label":"刃牙道の書"
	},
	"0772":{
		"label":"刃牙道の証"
	},
	"0773":{
		"label":"リング"
	},
	"0774":{
		"label":"お祭太鼓の譜面"
	},
	"0775":{
		"label":"大罪人の人相書き"
	},
	"0776":{
		"label":"DUMMY013"
	},
	"0777":{
		"label":"DUMMY014"
	},
	"0778":{
		"label":"DUMMY015"
	},
	"0779":{
		"label":"DUMMY016"
	},
	"077A":{
		"label":"DUMMY017"
	},
	"077B":{
		"label":"DUMMY018"
	},
	"077C":{
		"label":"DUMMY019"
	},
	"077D":{
		"label":"試作高密度滅龍炭"
	},
	"077E":{
		"label":"飛竜のコインG"
	},
	"077F":{
		"label":"獣竜のコインG"
	},
	"0780":{
		"label":"蟲のコインG"
	},
	"0781":{
		"label":"ガマのコインG"
	},
	"0782":{
		"label":"蛇竜のコインG"
	},
	"0783":{
		"label":"筆頭チケット"
	},
	"0784":{
		"label":"10000ゼニー"
	},
	"0785":{
		"label":"1000旅団ポイント"
	},
	"0786":{
		"label":"跳躍珠【2】",
		"comment":"回避距離+3"
	},
	"0787":{
		"label":"バクダン活魚"
	},
	"0788":{
		"label":"カジキ"
	},
	"0789":{
		"label":"アジ"
	},
	"078A":{
		"label":"デメキン"
	},
	"078B":{
		"label":"オオクワガタ"
	},
	"078C":{
		"label":"ギンヤンマ"
	},
	"078D":{
		"label":"モンシロチョウ"
	},
	"078E":{
		"label":"ノミ"
	},
	"078F":{
		"label":"支給専用滅龍炭"
	}
}
