{
	"01":{
		"label":"胴系统倍化"
	},
	"02":{
		"label":"刀匠"
	},
	"03":{
		"label":"射手"
	},
	"04":{
		"label":"状态耐性"
	},
	"05":{
		"label":"怒"
	},
	"06":{
		"label":"细菌学"
	},
	"07":{
		"label":"回避术"
	},
	"08":{
		"label":"居合"
	},
	"09":{
		"label":"顽强"
	},
	"0A":{
		"label":"刚撃"
	},
	"0B":{
		"label":"一心"
	},
	"0C":{
		"label":"盾持"
	},
	"0D":{
		"label":"洁癖"
	},
	"0E":{
		"label":"増幅"
	},
	"0F":{
		"label":"护石収集"
	},
	"10":{
		"label":"强欲"
	},
	"11":{
		"label":"属性解放"
	},
	"12":{
		"label":"剣术"
	},
	"13":{
		"label":"匠"
	},
	"14":{
		"label":"抜刀会心"
	},
	"15":{
		"label":"抜刀灭気"
	},
	"16":{
		"label":"装填速度"
	},
	"17":{
		"label":"反动"
	},
	"18":{
		"label":"速射"
	},
	"19":{
		"label":"本気"
	},
	"1A":{
		"label":"闘魂"
	},
	"1B":{
		"label":"不动"
	},
	"1C":{
		"label":"护石王"
	},
	"1D":{
		"label":"痛撃"
	},
	"1E":{
		"label":"属性耐性"
	},
	"1F":{
		"label":"攻撃"
	},
	"20":{
		"label":"防御"
	},
	"21":{
		"label":"采取"
	},
	"22":{
		"label":"剥ぎ取り"
	},
	"23":{
		"label":"运気"
	},
	"24":{
		"label":"捕获"
	},
	"25":{
		"label":"达人"
	},
	"26":{
		"label":"炮术"
	},
	"27":{
		"label":"回避性能"
	},
	"28":{
		"label":"体力"
	},
	"29":{
		"label":"聴覚保护"
	},
	"2A":{
		"label":"斩れ味"
	},
	"2B":{
		"label":"ガード性能"
	},
	"2C":{
		"label":"ガード强化"
	},
	"2D":{
		"label":"研ぎ师"
	},
	"2E":{
		"label":"底力"
	},
	"2F":{
		"label":"爆弾强化"
	},
	"30":{
		"label":"特殊攻撃"
	},
	"31":{
		"label":"スタミナ"
	},
	"32":{
		"label":"重撃"
	},
	"33":{
		"label":"回避距离"
	},
	"34":{
		"label":"纳刀"
	},
	"35":{
		"label":"溜め短缩"
	},
	"36":{
		"label":"灭気攻撃"
	},
	"37":{
		"label":"无伤"
	},
	"38":{
		"label":"根性"
	},
	"39":{
		"label":"装填数"
	},
	"3A":{
		"label":"通常弾强化"
	},
	"3B":{
		"label":"贯通弾强化"
	},
	"3C":{
		"label":"散弾强化"
	},
	"3D":{
		"label":"KO"
	},
	"3E":{
		"label":"対防御DOWN"
	},
	"3F":{
		"label":"効果持続"
	},
	"40":{
		"label":"通常弾追加"
	},
	"41":{
		"label":"贯通弾追加"
	},
	"42":{
		"label":"散弾追加"
	},
	"43":{
		"label":"榴弾追加"
	},
	"44":{
		"label":"拡散弾追加"
	},
	"45":{
		"label":"斩裂弾追加"
	},
	"46":{
		"label":"爆破弾追加"
	},
	"47":{
		"label":"毒瓶追加"
	},
	"48":{
		"label":"麻痹瓶追加"
	},
	"49":{
		"label":"睡眠瓶追加"
	},
	"4A":{
		"label":"强撃瓶追加"
	},
	"4B":{
		"label":"接撃瓶追加"
	},
	"4C":{
		"label":"灭気瓶追加"
	},
	"4D":{
		"label":"爆破瓶追加"
	},
	"4E":{
		"label":"精密射撃"
	},
	"4F":{
		"label":"火属性攻撃"
	},
	"50":{
		"label":"水属性攻撃"
	},
	"51":{
		"label":"雷属性攻撃"
	},
	"52":{
		"label":"氷属性攻撃"
	},
	"53":{
		"label":"龙属性攻撃"
	},
	"54":{
		"label":"属性攻撃"
	},
	"55":{
		"label":"火耐性"
	},
	"56":{
		"label":"水耐性"
	},
	"57":{
		"label":"雷耐性"
	},
	"58":{
		"label":"氷耐性"
	},
	"59":{
		"label":"龙耐性"
	},
	"5A":{
		"label":"高速収集"
	},
	"5B":{
		"label":"千里眼"
	},
	"5C":{
		"label":"観察眼"
	},
	"5D":{
		"label":"回复量"
	},
	"5E":{
		"label":"広域"
	},
	"5F":{
		"label":"笛"
	},
	"60":{
		"label":"逆境"
	},
	"61":{
		"label":"肉食"
	},
	"62":{
		"label":"食いしん坊"
	},
	"63":{
		"label":"体术"
	},
	"64":{
		"label":"気力回复"
	},
	"65":{
		"label":"风圧"
	},
	"66":{
		"label":"食事"
	},
	"67":{
		"label":"调合成功率"
	},
	"68":{
		"label":"调合数"
	},
	"69":{
		"label":"狩人"
	},
	"6A":{
		"label":"耐暑"
	},
	"6B":{
		"label":"耐寒"
	},
	"6C":{
		"label":"指挥"
	},
	"6D":{
		"label":"采配"
	},
	"6E":{
		"label":"号令"
	},
	"6F":{
		"label":"回复速度"
	},
	"70":{
		"label":"気まぐれ"
	},
	"71":{
		"label":"加护"
	},
	"72":{
		"label":"腹减り"
	},
	"73":{
		"label":"运搬"
	},
	"74":{
		"label":"高速设置"
	},
	"75":{
		"label":"ハチミツ"
	},
	"76":{
		"label":"毒"
	},
	"77":{
		"label":"麻痹"
	},
	"78":{
		"label":"睡眠"
	},
	"79":{
		"label":"気绝"
	},
	"7A":{
		"label":"耐泥耐雪"
	},
	"7B":{
		"label":"耐震"
	},
	"7C":{
		"label":"盗み无効"
	},
	"7D":{
		"label":"気配"
	},
	"7E":{
		"label":"燃燐"
	},
	"7F":{
		"label":"自动防御"
	},
	"80":{
		"label":"狂撃耐性"
	},
	"81":{
		"label":"乗り\\"
	},
	"82":{
		"label":"属性会心"
	},
	"83":{
		"label":"特殊会心"
	},
	"84":{
		"label":"射法"
	},
	"85":{
		"label":"茸食"
	},
	"86":{
		"label":"节食"
	},
	"87":{
		"label":"裂伤"
	},
	"88":{
		"label":"耐粘"
	},
	"89":{
		"label":"斩术"
	},
	"8A":{
		"label":"食欲"
	},
	"8B":{
		"label":"北辰纳豆流"
	},
	"8C":{
		"label":"秘伝"
	},
	"8D":{
		"label":"职工"
	},
	"8E":{
		"label":"刚腕"
	},
	"8F":{
		"label":"祈愿"
	},
	"90":{
		"label":"裏稼业"
	}
}
